AREA,SUB AREA,AGE GROUP,SEASON,WEEK,THRESHOLD,BASELINE,PERCENT I,PERCENT P&I,PERCENT PIC,NUM INFLUENZA DEATHS,NUM PNEUMONIA DEATHS,NUM COVID-19 DEATHS,TOTAL PIC,TOTAL DEATHS,PERCENT COMPLETE
National,,All,2025-26,40,6.1,5.6,,5.3,5.7,18,"2,924",412,"3,157","55,145",> 100%
National,,All,2025-26,41,6.2,5.7,,5.4,5.8,22,"2,988",339,"3,221","55,609",> 100%
National,,All,2025-26,42,6.3,5.8,,5.5,5.8,19,"3,091",279,"3,263","56,581",> 100%
National,,All,2025-26,43,6.4,6,,5.4,5.6,24,"3,009",251,"3,176","56,434",> 100%
National,,All,2025-26,44,6.5,6.1,,5.4,5.6,34,"3,081",229,"3,244","57,578",> 100%
National,,All,2025-26,45,6.7,6.2,,5.4,5.6,33,"3,131",187,"3,281","58,710",> 100%
National,,All,2025-26,46,6.8,6.3,,5.4,5.6,49,"3,132",205,"3,305","58,685",> 100%
National,,All,2025-26,47,6.9,6.4,,5.4,5.6,60,"3,072",226,"3,265","58,282",> 100%
National,,All,2025-26,48,7,6.6,,5.5,5.7,73,"3,062",197,"3,253","56,778",> 100%
National,,All,2025-26,49,7.1,6.7,,5.7,5.9,133,"3,317",207,"3,569","60,035",> 100%
National,,All,2025-26,50,7.2,6.8,,6,6.2,187,"3,501",240,"3,838","61,501",> 100%
National,,All,2025-26,51,7.3,6.9,,6.3,6.6,312,"3,609",301,"4,107","62,188",> 100%
National,,All,2025-26,52,7.4,7,,6.8,7.1,623,"3,560",331,"4,378","61,964",> 100%
National,,All,2025-26,53,7.5,7,,8,8.3,"1,155","3,959",427,"5,359","64,317",> 100%
National,,All,2025-26,1,7.6,7.1,,8.4,8.8,"1,233","4,208",506,"5,730","64,884",> 100%
National,,All,2025-26,2,7.6,7.1,,8,8.4,"1,059","4,068",474,"5,398","63,986",> 100%
National,,All,2025-26,3,7.6,7.2,,7.6,8,788,"3,999",426,"5,044","62,965",> 100%
National,,All,2025-26,4,7.7,7.2,,7.1,7.5,692,"3,796",405,"4,716","63,063",> 100%
National,,All,2025-26,5,7.7,7.2,,7,7.4,624,"3,860",403,"4,709","63,653",> 100%
National,,All,2025-26,6,7.7,7.2,,6.8,7.1,517,"3,678",328,"4,373","61,853",> 100%
National,,All,2025-26,7,7.6,7.2,,7,7.3,505,"3,732",338,"4,422","60,298",> 100%
National,,All,2025-26,8,7.6,7.1,,6.4,6.7,400,"3,384",301,"3,959","58,777",> 100%
National,,All,2025-26,9,7.5,7.1,,6.4,6.7,320,"3,266",276,"3,736","56,083",> 100%
National,,All,2025-26,10,7.5,7,,6,6.2,230,"2,791",203,"3,140","50,461",> 100%
National,,All,2025-26,11,7.4,6.9,,5.9,6,139,"2,290",137,"2,498","41,448",87.1%
National,,All,2025-26,12,7.3,6.8,,5.9,6.1,55,"1,262",71,"1,356","22,221",46.7%
National,,All,2024-25,40,6.3,5.8,,5.7,6.7,33,"3,179",976,"3,794","56,508",> 100%
National,,All,2024-25,41,6.4,5.9,,5.7,6.5,27,"3,229",808,"3,707","57,263",> 100%
National,,All,2024-25,42,6.5,6,,5.8,6.5,30,"3,288",738,"3,743","57,592",> 100%
National,,All,2024-25,43,6.6,6.1,,5.7,6.4,24,"3,285",646,"3,696","57,856",> 100%
National,,All,2024-25,44,6.7,6.3,,5.7,6.3,37,"3,236",603,"3,631","57,697",> 100%
National,,All,2024-25,45,6.9,6.4,,5.4,6,36,"3,107",560,"3,488","57,844",> 100%
National,,All,2024-25,46,7,6.5,,5.5,6.1,31,"3,148",531,"3,499","57,302",> 100%
National,,All,2024-25,47,7.1,6.6,,5.6,6.1,57,"3,198",472,"3,532","58,311",> 100%
National,,All,2024-25,48,7.2,6.8,,5.7,6.2,69,"3,248",500,"3,607","57,998",> 100%
National,,All,2024-25,49,7.4,6.9,,6,6.5,87,"3,528",504,"3,913","60,292",> 100%
National,,All,2024-25,50,7.5,7,,6.2,6.8,166,"3,727",571,"4,228","62,413",> 100%
National,,All,2024-25,51,7.6,7.1,,6.7,7.3,231,"3,912",596,"4,496","61,738",> 100%
National,,All,2024-25,52,7.7,7.2,,6.7,7.3,421,"3,821",678,"4,609","63,471",> 100%
National,,All,2024-25,1,7.7,7.3,,8,8.8,764,"4,393",910,"5,689","64,673",> 100%
National,,All,2024-25,2,7.8,7.3,,8.4,9.2,972,"4,665","1,050","6,237","67,506",> 100%
National,,All,2024-25,3,7.9,7.4,,8.6,9.5,"1,010","4,841","1,000","6,408","67,754",> 100%
National,,All,2024-25,4,7.9,7.4,,8.7,9.5,"1,183","4,745",965,"6,462","67,953",> 100%
National,,All,2024-25,5,7.9,7.5,,8.8,9.7,"1,523","4,609",940,"6,695","69,336",> 100%
National,,All,2024-25,6,7.9,7.5,,9.6,10.3,"1,789","4,757",839,"6,995","68,203",> 100%
National,,All,2024-25,7,7.9,7.5,,9.4,10.1,"1,877","4,453",753,"6,737","66,997",> 100%
National,,All,2024-25,8,7.9,7.4,,9.5,10.1,"1,794","4,582",742,"6,778","67,033",> 100%
National,,All,2024-25,9,7.9,7.4,,9,9.7,"1,508","4,489",704,"6,400","66,286",> 100%
National,,All,2024-25,10,7.8,7.3,,8.4,8.9,"1,202","4,263",618,"5,811","65,066",> 100%
National,,All,2024-25,11,7.7,7.3,,7.8,8.3,904,"4,052",508,"5,238","63,486",> 100%
National,,All,2024-25,12,7.7,7.2,,7.4,7.8,697,"3,805",474,"4,752","61,085",> 100%
National,,All,2024-25,13,7.6,7.1,,7.2,7.6,494,"3,858",488,"4,619","60,403",> 100%
National,,All,2024-25,14,7.5,7,,6.6,7,341,"3,542",420,"4,105","58,872",> 100%
National,,All,2024-25,15,7.4,6.9,,6.4,6.8,238,"3,551",373,"4,000","58,794",> 100%
National,,All,2024-25,16,7.2,6.8,,6.4,6.8,164,"3,543",392,"3,939","58,115",> 100%
National,,All,2024-25,17,7.1,6.7,,6.2,6.5,128,"3,459",336,"3,778","57,839",> 100%
National,,All,2024-25,18,7,6.5,,6,6.3,96,"3,332",298,"3,604","57,355",> 100%
National,,All,2024-25,19,6.9,6.4,,6,6.3,84,"3,350",266,"3,579","56,814",> 100%
National,,All,2024-25,20,6.7,6.3,,5.6,5.9,67,"3,158",234,"3,366","57,244",> 100%
National,,All,2024-25,21,6.6,6.1,,5.6,5.7,46,"3,085",195,"3,239","56,332",> 100%
National,,All,2024-25,22,6.5,6,,5.7,5.9,55,"3,132",210,"3,311","55,862",> 100%
National,,All,2024-25,23,6.4,5.9,,5.7,5.9,46,"3,206",196,"3,365","56,601",> 100%
National,,All,2024-25,24,6.3,5.8,,5.5,5.6,49,"3,031",170,"3,181","56,402",> 100%
National,,All,2024-25,25,6.2,5.7,,5.6,5.7,28,"3,089",185,"3,223","56,056",> 100%
National,,All,2024-25,26,6.1,5.6,,5.3,5.5,30,"2,967",167,"3,090","56,440",> 100%
National,,All,2024-25,27,6,5.5,,5.3,5.5,27,"2,925",194,"3,072","56,202",> 100%
National,,All,2024-25,28,5.9,5.4,,5.3,5.5,39,"2,958",172,"3,077","56,242",> 100%
National,,All,2024-25,29,5.9,5.4,,5.4,5.6,23,"2,974",188,"3,103","55,731",> 100%
National,,All,2024-25,30,5.8,5.4,,5.3,5.5,19,"2,932",186,"3,060","55,391",> 100%
National,,All,2024-25,31,5.8,5.3,,5,5.3,17,"2,767",214,"2,916","55,231",> 100%
National,,All,2024-25,32,5.8,5.3,,5.3,5.5,22,"2,922",222,"3,063","55,781",> 100%
National,,All,2024-25,33,5.8,5.3,,5,5.2,14,"2,748",276,"2,924","55,736",> 100%
National,,All,2024-25,34,5.8,5.3,,5.2,5.5,21,"2,885",300,"3,065","55,632",> 100%
National,,All,2024-25,35,5.8,5.4,,5.2,5.6,19,"2,856",372,"3,081","55,390",> 100%
National,,All,2024-25,36,5.9,5.4,,5.3,5.7,23,"2,921",436,"3,212","56,061",> 100%
National,,All,2024-25,37,6,5.5,,5.5,5.9,20,"3,051",438,"3,316","55,987",> 100%
National,,All,2024-25,38,6,5.6,,5.4,5.9,28,"3,029",454,"3,322","56,120",> 100%
National,,All,2024-25,39,6.1,5.7,,5.4,5.9,19,"3,030",477,"3,330","56,229",> 100%
National,,All,2023-24,40,6,5.6,,5.8,7.3,28,"3,335","1,398","4,235","58,057",> 100%
National,,All,2023-24,41,6.1,5.7,,5.9,7.3,36,"3,438","1,315","4,273","58,402",> 100%
National,,All,2023-24,42,6.2,5.8,,5.9,7.4,54,"3,404","1,394","4,331","58,504",> 100%
National,,All,2023-24,43,6.4,5.9,,6.1,7.5,47,"3,532","1,292","4,378","58,493",> 100%
National,,All,2023-24,44,6.5,6,,5.8,7.2,63,"3,355","1,246","4,221","58,980",> 100%
National,,All,2023-24,45,6.6,6.2,,6.2,7.7,72,"3,687","1,395","4,635","60,306",> 100%
National,,All,2023-24,46,6.7,6.3,,6.3,7.8,81,"3,660","1,431","4,636","59,769",> 100%
National,,All,2023-24,47,6.9,6.4,,6.4,7.9,114,"3,704","1,424","4,674","59,374",> 100%
National,,All,2023-24,48,7,6.5,,6.9,8.6,157,"4,107","1,733","5,363","62,008",> 100%
National,,All,2023-24,49,7.1,6.7,,7,8.8,205,"4,227","1,793","5,580","63,364",> 100%
National,,All,2023-24,50,7.2,6.8,,7.2,9,286,"4,214","1,845","5,635","62,799",> 100%
National,,All,2023-24,51,7.3,6.9,,7.4,9.3,455,"4,342","1,936","5,994","64,421",> 100%
National,,All,2023-24,52,7.4,7,,8.3,10.3,699,"4,706","2,231","6,752","65,280",> 100%
National,,All,2023-24,1,7.5,7,,9.1,11.3,908,"5,199","2,494","7,604","67,051",> 100%
National,,All,2023-24,2,7.6,7.1,,9,11.2,858,"5,290","2,587","7,657","68,180",> 100%
National,,All,2023-24,3,7.6,7.2,,8.5,10.6,722,"4,959","2,365","7,087","66,753",> 100%
National,,All,2023-24,4,7.7,7.2,,8.3,10.3,617,"4,880","2,135","6,784","66,097",> 100%
National,,All,2023-24,5,7.7,7.2,,7.6,9.3,542,"4,233","1,745","5,810","62,716",> 100%
National,,All,2023-24,6,7.7,7.2,,7.4,9,458,"4,176","1,622","5,590","62,247",> 100%
National,,All,2023-24,7,7.7,7.2,,7.3,8.6,462,"3,970","1,389","5,264","61,067",> 100%
National,,All,2023-24,8,7.7,7.2,,7.1,8.3,410,"3,960","1,326","5,146","61,673",> 100%
National,,All,2023-24,9,7.6,7.2,,7.3,8.5,398,"4,021","1,271","5,174","60,739",> 100%
National,,All,2023-24,10,7.6,7.1,,7,8.1,403,"3,817","1,102","4,888","60,330",> 100%
National,,All,2023-24,11,7.5,7.1,,6.7,7.7,335,"3,649","1,042","4,615","59,848",> 100%
National,,All,2023-24,12,7.5,7,,6.6,7.5,265,"3,620",852,"4,388","58,465",> 100%
National,,All,2023-24,13,7.4,6.9,,6.6,7.3,237,"3,626",739,"4,309","58,737",> 100%
National,,All,2023-24,14,7.3,6.8,,6.4,7.1,203,"3,568",633,"4,144","58,749",> 100%
National,,All,2023-24,15,7.2,6.7,,6.5,7.1,202,"3,630",573,"4,172","59,014",> 100%
National,,All,2023-24,16,7.1,6.6,,6,6.5,164,"3,306",499,"3,781","57,755",> 100%
National,,All,2023-24,17,7,6.5,,6,6.4,109,"3,310",429,"3,687","57,295",> 100%
National,,All,2023-24,18,6.8,6.4,,5.8,6.2,86,"3,202",426,"3,543","57,025",> 100%
National,,All,2023-24,19,6.7,6.3,,5.9,6.2,100,"3,240",334,"3,522","56,824",> 100%
National,,All,2023-24,20,6.6,6.2,,5.8,6.1,61,"3,189",340,"3,459","56,513",> 100%
National,,All,2023-24,21,6.5,6,,5.6,5.9,49,"3,097",344,"3,355","56,390",> 100%
National,,All,2023-24,22,6.4,5.9,,5.5,5.9,45,"3,048",325,"3,301","55,752",> 100%
National,,All,2023-24,23,6.3,5.8,,5.7,6,50,"3,208",314,"3,437","56,884",> 100%
National,,All,2023-24,24,6.2,5.7,,5.6,5.9,41,"3,095",366,"3,343","56,436",> 100%
National,,All,2023-24,25,6.1,5.6,,5.5,6,46,"3,068",433,"3,360","56,114",> 100%
National,,All,2023-24,26,6,5.5,,5.4,5.8,28,"3,008",443,"3,316","56,689",> 100%
National,,All,2023-24,27,5.9,5.5,,5.5,6.1,33,"3,083",533,"3,443","56,390",> 100%
National,,All,2023-24,28,5.9,5.4,,5.6,6.1,44,"3,083",593,"3,446","56,313",> 100%
National,,All,2023-24,29,5.8,5.3,,5.5,6.3,34,"3,012",736,"3,497","55,750",> 100%
National,,All,2023-24,30,5.8,5.3,,5.7,6.6,20,"3,174",858,"3,680","55,959",> 100%
National,,All,2023-24,31,5.8,5.3,,5.7,6.7,34,"3,166",985,"3,777","56,626",> 100%
National,,All,2023-24,32,5.8,5.3,,5.7,6.8,28,"3,163","1,069","3,817","56,285",> 100%
National,,All,2023-24,33,5.8,5.3,,5.7,6.8,24,"3,195","1,082","3,843","56,509",> 100%
National,,All,2023-24,34,5.8,5.3,,5.6,7,34,"3,154","1,253","3,955","56,425",> 100%
National,,All,2023-24,35,5.8,5.4,,5.7,7.2,34,"3,177","1,358","4,068","56,478",> 100%
National,,All,2023-24,36,5.9,5.4,,5.8,7.2,29,"3,249","1,228","4,026","56,307",> 100%
National,,All,2023-24,37,6,5.5,,5.7,7,22,"3,215","1,243","3,977","56,923",> 100%
National,,All,2023-24,38,6.1,5.6,,5.9,7,40,"3,278","1,102","3,961","56,399",> 100%
National,,All,2023-24,39,6.2,5.7,,5.8,6.9,34,"3,261","1,034","3,898","56,500",> 100%
National,,All,2022-23,40,5.9,5.4,,6,8.5,28,"3,544","2,200","5,040","59,539",> 100%
National,,All,2022-23,41,6,5.5,,6.1,8.5,56,"3,560","2,159","5,087","59,711",> 100%
National,,All,2022-23,42,6.1,5.7,,6.5,8.9,57,"3,833","2,265","5,350","60,074",> 100%
National,,All,2022-23,43,6.2,5.8,,6.3,8.7,96,"3,665","2,243","5,240","60,005",> 100%
National,,All,2022-23,44,6.3,5.9,,6.5,8.9,156,"3,779","2,266","5,410","61,003",> 100%
National,,All,2022-23,45,6.4,6,,6.7,9.1,229,"3,858","2,216","5,579","61,028",> 100%
National,,All,2022-23,46,6.6,6.1,,6.8,9.3,258,"3,953","2,282","5,720","61,604",> 100%
National,,All,2022-23,47,6.7,6.2,,7.3,9.8,430,"4,310","2,516","6,361","64,600",> 100%
National,,All,2022-23,48,6.8,6.4,,8.4,10.9,851,"4,652","2,611","7,158","65,755",> 100%
National,,All,2022-23,49,6.9,6.5,,9,11.8,"1,029","4,975","3,051","7,913","66,993",> 100%
National,,All,2022-23,50,7,6.6,,9,12.1,"1,050","4,944","3,218","8,006","66,378",> 100%
National,,All,2022-23,51,7.1,6.7,,8.8,11.8,953,"4,995","3,387","8,032","67,942",> 100%
National,,All,2022-23,52,7.2,6.8,,9.2,12.5,995,"5,429","3,688","8,743","70,161",> 100%
National,,All,2022-23,1,7.3,6.8,,9.3,12.7,886,"5,518","3,871","8,778","68,969",> 100%
National,,All,2022-23,2,7.3,6.9,,8.8,12.1,628,"5,189","3,688","8,057","66,346",> 100%
National,,All,2022-23,3,7.4,6.9,,8.4,11.5,388,"5,014","3,258","7,356","64,168",> 100%
National,,All,2022-23,4,7.4,7,,7.8,10.7,273,"4,605","2,914","6,688","62,450",> 100%
National,,All,2022-23,5,7.4,7,,7.4,10,145,"4,476","2,642","6,291","62,739",> 100%
National,,All,2022-23,6,7.4,7,,7.1,9.4,114,"4,369","2,347","5,930","62,858",> 100%
National,,All,2022-23,7,7.4,7,,6.8,9,118,"4,109","2,101","5,547","61,742",> 100%
National,,All,2022-23,8,7.4,7,,6.8,8.9,77,"4,137","2,154","5,544","62,044",> 100%
National,,All,2022-23,9,7.4,6.9,,6.6,8.7,66,"4,006","1,999","5,336","61,319",> 100%
National,,All,2022-23,10,7.3,6.9,,6.6,8.5,54,"3,938","1,849","5,170","60,709",> 100%
National,,All,2022-23,11,7.3,6.8,,6.4,8.3,55,"3,842","1,761","5,065","61,001",> 100%
National,,All,2022-23,12,7.2,6.7,,6.5,8.3,53,"3,918","1,668","5,034","60,733",> 100%
National,,All,2022-23,13,7.1,6.7,,6.2,7.7,45,"3,674","1,449","4,641","60,101",> 100%
National,,All,2022-23,14,7,6.6,,6.3,7.8,46,"3,679","1,373","4,608","59,014",> 100%
National,,All,2022-23,15,6.9,6.5,,6.1,7.4,42,"3,592","1,217","4,421","59,610",> 100%
National,,All,2022-23,16,6.8,6.4,,6.4,7.7,34,"3,720","1,197","4,511","58,398",> 100%
National,,All,2022-23,17,6.7,6.2,,6.2,7.3,41,"3,512","1,028","4,197","57,746",> 100%
National,,All,2022-23,18,6.6,6.1,,5.8,6.9,36,"3,353",946,"3,990","58,017",> 100%
National,,All,2022-23,19,6.4,6,,5.9,6.8,37,"3,366",838,"3,936","57,790",> 100%
National,,All,2022-23,20,6.3,5.9,,5.8,6.6,33,"3,226",759,"3,728","56,621",> 100%
National,,All,2022-23,21,6.2,5.8,,5.9,6.7,34,"3,252",742,"3,747","55,741",> 100%
National,,All,2022-23,22,6.1,5.7,,5.6,6.5,41,"3,160",693,"3,664","56,800",> 100%
National,,All,2022-23,23,6,5.6,,5.7,6.4,29,"3,180",633,"3,627","56,279",> 100%
National,,All,2022-23,24,5.9,5.5,,5.3,6,29,"2,957",612,"3,379","56,301",> 100%
National,,All,2022-23,25,5.8,5.4,,5.6,6.3,29,"3,102",583,"3,490","55,804",> 100%
National,,All,2022-23,26,5.7,5.3,,5.2,5.8,23,"2,870",542,"3,253","55,720",> 100%
National,,All,2022-23,27,5.7,5.2,,5.3,5.9,33,"2,939",493,"3,283","55,972",> 100%
National,,All,2022-23,28,5.6,5.2,,5.2,5.8,22,"2,871",510,"3,221","55,606",> 100%
National,,All,2022-23,29,5.6,5.1,,5,5.7,16,"2,776",540,"3,158","55,729",> 100%
National,,All,2022-23,30,5.5,5.1,,5.1,5.7,12,"2,837",553,"3,196","55,688",> 100%
National,,All,2022-23,31,5.5,5.1,,5.3,6,28,"2,930",673,"3,367","56,100",> 100%
National,,All,2022-23,32,5.5,5.1,,5.3,6.1,19,"2,964",751,"3,449","56,648",> 100%
National,,All,2022-23,33,5.5,5.1,,5.4,6.4,22,"3,043",921,"3,628","56,623",> 100%
National,,All,2022-23,34,5.6,5.1,,5.6,6.7,22,"3,118","1,067","3,794","56,448",> 100%
National,,All,2022-23,35,5.6,5.2,,5.6,6.9,19,"3,145","1,187","3,872","56,202",> 100%
National,,All,2022-23,36,5.6,5.2,,5.9,7.2,33,"3,336","1,313","4,146","57,228",> 100%
National,,All,2022-23,37,5.7,5.3,,6.1,7.6,38,"3,416","1,411","4,299","56,678",> 100%
National,,All,2022-23,38,5.8,5.4,,5.8,7.3,27,"3,293","1,418","4,175","56,931",> 100%
National,,All,2022-23,39,5.9,5.5,,6.1,7.6,33,"3,449","1,456","4,358","57,241",> 100%
National,,All,2021-22,40,5.9,5.4,,14.2,20.6,20,"9,741","11,180","14,178","68,969",> 100%
National,,All,2021-22,41,6,5.5,,13.1,19.1,11,"8,853","9,878","12,866","67,422",> 100%
National,,All,2021-22,42,6.1,5.6,,12.4,17.8,15,"8,253","8,941","11,899","66,923",> 100%
National,,All,2021-22,43,6.2,5.8,,11.8,16.6,14,"7,788","7,960","11,034","66,321",> 100%
National,,All,2021-22,44,6.3,5.9,,11,15.6,7,"7,303","7,287","10,383","66,494",> 100%
National,,All,2021-22,45,6.4,6,,10.7,15.3,26,"7,204","7,159","10,274","67,323",> 100%
National,,All,2021-22,46,6.5,6.1,,11,15.7,16,"7,324","7,310","10,500","66,813",> 100%
National,,All,2021-22,47,6.7,6.2,,11.2,16.4,19,"7,590","7,886","11,100","67,820",> 100%
National,,All,2021-22,48,6.8,6.3,,11.9,17.4,37,"8,324","8,781","12,154","70,021",> 100%
National,,All,2021-22,49,6.9,6.4,,12.6,18.4,56,"8,985","9,734","13,211","71,984",> 100%
National,,All,2021-22,50,7,6.5,,13.2,19.2,58,"9,304","10,250","13,652","71,176",> 100%
National,,All,2021-22,51,7.1,6.6,,13.2,19.4,86,"9,418","10,457","14,022","72,134",> 100%
National,,All,2021-22,52,7.1,6.7,,13.7,20.8,152,"10,052","11,677","15,412","74,255",> 100%
National,,All,2021-22,1,7.2,6.8,,15.1,23.9,188,"11,816","15,127","19,053","79,673",> 100%
National,,All,2021-22,2,7.3,6.8,,16.1,26.8,142,"13,531","19,091","22,804","84,950",> 100%
National,,All,2021-22,3,7.3,6.9,,17,29.2,150,"14,398","21,345","24,943","85,530",> 100%
National,,All,2021-22,4,7.3,6.9,,16.9,28.8,94,"14,248","20,973","24,435","84,940",> 100%
National,,All,2021-22,5,7.4,6.9,,16.4,27.3,89,"13,234","18,757","22,182","81,209",> 100%
National,,All,2021-22,6,7.4,6.9,,14.5,23.9,85,"11,091","15,348","18,470","77,137",> 100%
National,,All,2021-22,7,7.3,6.9,,13,20.7,67,"9,152","11,571","14,676","70,905",> 100%
National,,All,2021-22,8,7.3,6.9,,11.1,17.3,65,"7,301","8,302","11,401","66,064",> 100%
National,,All,2021-22,9,7.3,6.8,,9.6,14.2,64,"6,117","6,071","9,135","64,416",> 100%
National,,All,2021-22,10,7.2,6.8,,7.9,11.7,65,"4,832","4,414","7,257","61,804",> 100%
National,,All,2021-22,11,7.1,6.7,,7.4,10.2,64,"4,404","3,138","6,147","60,527",> 100%
National,,All,2021-22,12,7.1,6.6,,6.9,9.3,84,"3,943","2,514","5,439","58,516",> 100%
National,,All,2021-22,13,7,6.6,,6.4,8.4,77,"3,618","1,943","4,858","57,991",> 100%
National,,All,2021-22,14,6.9,6.5,,5.9,7.7,95,"3,342","1,604","4,437","57,778",> 100%
National,,All,2021-22,15,6.8,6.4,,6.1,7.6,94,"3,415","1,414","4,413","57,773",> 100%
National,,All,2021-22,16,6.7,6.2,,6,7.6,106,"3,310","1,355","4,280","56,654",> 100%
National,,All,2021-22,17,6.6,6.1,,6,7.6,95,"3,321","1,433","4,344","57,269",> 100%
National,,All,2021-22,18,6.4,6,,5.8,7.5,82,"3,258","1,435","4,296","57,448",> 100%
National,,All,2021-22,19,6.3,5.9,,6,8,100,"3,382","1,687","4,612","57,850",> 100%
National,,All,2021-22,20,6.2,5.8,,6.3,8.3,89,"3,512","1,747","4,801","57,592",> 100%
National,,All,2021-22,21,6.1,5.7,,6.1,8.2,84,"3,368","1,955","4,704","57,027",> 100%
National,,All,2021-22,22,6,5.5,,6.3,8.6,83,"3,530","2,016","4,946","57,520",> 100%
National,,All,2021-22,23,5.9,5.4,,6.2,8.6,71,"3,525","2,146","4,990","58,000",> 100%
National,,All,2021-22,24,5.8,5.3,,6.3,8.8,74,"3,566","2,211","5,065","57,699",> 100%
National,,All,2021-22,25,5.7,5.3,,6.1,8.7,36,"3,507","2,339","5,059","58,235",> 100%
National,,All,2021-22,26,5.6,5.2,,6.1,8.8,40,"3,476","2,427","5,085","58,002",> 100%
National,,All,2021-22,27,5.5,5.1,,6.2,9.1,35,"3,590","2,608","5,286","58,103",> 100%
National,,All,2021-22,28,5.5,5,,6.2,9.5,17,"3,593","2,940","5,562","58,394",> 100%
National,,All,2021-22,29,5.4,5,,6.4,10,24,"3,809","3,247","5,986","59,723",> 100%
National,,All,2021-22,30,5.4,5,,6.5,10.3,23,"3,816","3,414","6,063","58,738",> 100%
National,,All,2021-22,31,5.4,5,,6.5,10.2,16,"3,811","3,386","6,053","59,148",> 100%
National,,All,2021-22,32,5.4,5,,6.6,10.2,15,"3,841","3,290","5,958","58,556",> 100%
National,,All,2021-22,33,5.4,5,,6.4,9.9,20,"3,736","3,183","5,801","58,404",> 100%
National,,All,2021-22,34,5.4,5,,6.4,9.8,14,"3,692","3,055","5,683","58,252",> 100%
National,,All,2021-22,35,5.5,5,,6.2,9.5,12,"3,574","2,950","5,497","58,041",> 100%
National,,All,2021-22,36,5.5,5.1,,6.2,9.4,19,"3,613","2,826","5,510","58,656",> 100%
National,,All,2021-22,37,5.6,5.2,,6.2,9.1,17,"3,595","2,521","5,273","58,217",> 100%
National,,All,2021-22,38,5.7,5.2,,6.1,9,20,"3,590","2,573","5,301","58,712",> 100%
National,,All,2021-22,39,5.8,5.3,,6.2,8.8,24,"3,578","2,399","5,146","58,517",> 100%
National,,All,2020-21,40,5.9,5.4,,8.1,11.8,8,"4,829","4,240","7,038","59,712",> 100%
National,,All,2020-21,41,6,5.5,,8.4,12.4,12,"5,186","4,813","7,644","61,672",> 100%
National,,All,2020-21,42,6.1,5.6,,8.7,13.2,16,"5,218","5,195","7,964","60,507",> 100%
National,,All,2020-21,43,6.2,5.7,,9.1,14.3,15,"5,646","5,990","8,898","62,093",> 100%
National,,All,2020-21,44,6.3,5.9,,9.7,15.7,21,"6,145","7,019","9,926","63,327",> 100%
National,,All,2020-21,45,6.4,6,,10.5,17.4,21,"7,090","8,754","11,771","67,473",> 100%
National,,All,2020-21,46,6.5,6.1,,11.8,19.9,20,"8,060","10,644","13,681","68,729",> 100%
National,,All,2020-21,47,6.6,6.2,,13.2,23,30,"9,419","13,343","16,460","71,539",> 100%
National,,All,2020-21,48,6.8,6.3,,14.3,25.4,27,"10,465","15,615","18,590","73,182",> 100%
National,,All,2020-21,49,6.9,6.4,,15.7,28.1,35,"12,071","18,545","21,746","77,275",> 100%
National,,All,2020-21,50,7,6.5,,16.2,29.5,29,"13,269","20,913","24,173","81,861",> 100%
National,,All,2020-21,51,7.1,6.6,,17.3,30.9,32,"14,293","22,313","25,611","82,800",> 100%
National,,All,2020-21,52,7.1,6.7,,17.7,31.7,32,"14,894","23,363","26,693","84,224",> 100%
National,,All,2020-21,53,7.2,6.8,,18.5,32.5,43,"16,037","24,845","28,270","86,858",> 100%
National,,All,2020-21,1,7.3,6.9,,19.4,33.8,32,"16,800","25,974","29,363","86,888",> 100%
National,,All,2020-21,2,7.3,6.9,,19.4,33.3,36,"16,884","25,692","29,070","87,232",> 100%
National,,All,2020-21,3,7.4,6.9,,18.9,32.2,31,"15,777","23,687","26,919","83,539",> 100%
National,,All,2020-21,4,7.4,7,,17.5,29.6,34,"13,832","20,322","23,376","79,051",> 100%
National,,All,2020-21,5,7.4,7,,16.1,26.4,28,"12,257","17,034","20,127","76,350",> 100%
National,,All,2020-21,6,7.4,7,,14.3,23.1,24,"10,202","13,519","16,474","71,387",> 100%
National,,All,2020-21,7,7.4,7,,12.9,20,15,"8,921","10,807","13,879","69,373",> 100%
National,,All,2020-21,8,7.4,6.9,,11.3,17.4,18,"7,520","8,654","11,583","66,619",> 100%
National,,All,2020-21,9,7.3,6.9,,10.4,15.2,26,"6,579","6,731","9,691","63,578",> 100%
National,,All,2020-21,10,7.2,6.8,,9.4,13.7,13,"5,769","5,725","8,480","61,752",> 100%
National,,All,2020-21,11,7.2,6.7,,8.8,12.7,6,"5,306","4,893","7,665","60,245",> 100%
National,,All,2020-21,12,7.1,6.7,,8.4,11.9,17,"5,088","4,461","7,244","60,712",> 100%
National,,All,2020-21,13,7,6.6,,8.2,11.7,17,"4,757","4,197","6,845","58,569",> 100%
National,,All,2020-21,14,6.9,6.5,,8.2,11.6,12,"4,954","4,313","7,046","60,884",> 100%
National,,All,2020-21,15,6.8,6.4,,8.4,11.9,7,"4,952","4,450","7,050","59,020",> 100%
National,,All,2020-21,16,6.7,6.2,,8.5,12.1,15,"5,122","4,600","7,286","60,147",> 100%
National,,All,2020-21,17,6.6,6.1,,8.2,11.4,6,"4,873","4,165","6,823","59,688",> 100%
National,,All,2020-21,18,6.4,6,,8.1,11.3,9,"4,771","4,006","6,634","58,890",> 100%
National,,All,2020-21,19,6.3,5.9,,7.8,10.6,10,"4,529","3,678","6,200","58,334",> 100%
National,,All,2020-21,20,6.2,5.8,,7.4,9.9,9,"4,350","3,238","5,818","58,634",> 100%
National,,All,2020-21,21,6.1,5.7,,7,9.2,5,"4,017","2,770","5,251","57,217",> 100%
National,,All,2020-21,22,6,5.5,,6.8,8.6,8,"3,883","2,347","4,911","57,352",> 100%
National,,All,2020-21,23,5.9,5.4,,6.6,8.2,6,"3,748","2,035","4,674","57,001",> 100%
National,,All,2020-21,24,5.8,5.3,,6.5,7.9,11,"3,691","1,776","4,504","57,106",> 100%
National,,All,2020-21,25,5.7,5.2,,6.1,7.5,8,"3,474","1,635","4,261","56,765",> 100%
National,,All,2020-21,26,5.6,5.2,,5.9,7.1,7,"3,384","1,543","4,104","57,403",> 100%
National,,All,2020-21,27,5.5,5.1,,6.2,7.5,3,"3,554","1,645","4,305","57,051",> 100%
National,,All,2020-21,28,5.5,5,,6.7,8.3,8,"3,833","1,991","4,747","57,061",> 100%
National,,All,2020-21,29,5.4,5,,7.3,9.3,9,"4,229","2,760","5,448","58,323",> 100%
National,,All,2020-21,30,5.4,5,,8.5,11.4,10,"5,094","4,105","6,875","60,182",> 100%
National,,All,2020-21,31,5.4,5,,10.3,14.6,11,"6,534","6,484","9,282","63,602",> 100%
National,,All,2020-21,32,5.4,5,,12.7,18.4,11,"8,489","9,406","12,285","66,880",> 100%
National,,All,2020-21,33,5.4,5,,14.6,21.6,11,"10,163","12,181","15,108","69,810",> 100%
National,,All,2020-21,34,5.4,5,,16,23.8,16,"11,500","14,174","17,132","71,976",> 100%
National,,All,2020-21,35,5.5,5,,16.8,25,32,"12,316","15,493","18,347","73,352",> 100%
National,,All,2020-21,36,5.5,5.1,,16.8,25,15,"12,325","15,418","18,362","73,565",> 100%
National,,All,2020-21,37,5.6,5.2,,16.7,25,17,"12,169","15,211","18,263","73,144",> 100%
National,,All,2020-21,38,5.7,5.2,,16,24.1,18,"11,511","14,347","17,345","72,034",> 100%
National,,All,2020-21,39,5.8,5.3,,15,22.2,19,"10,683","12,830","15,817","71,197",> 100%
National,,All,2019-20,40,6,5.5,,5.2,5.2,17,"2,714",0,"2,731","52,539",> 100%
National,,All,2019-20,41,6.1,5.6,,5.3,5.3,16,"2,782",0,"2,798","53,072",> 100%
National,,All,2019-20,42,6.2,5.7,,5.5,5.5,18,"2,992",0,"3,010","54,314",> 100%
National,,All,2019-20,43,6.3,5.9,,5.6,5.6,30,"2,995",0,"3,025","54,037",> 100%
National,,All,2019-20,44,6.4,6,,5.5,5.5,31,"2,928",0,"2,959","54,067",> 100%
National,,All,2019-20,45,6.5,6.1,,5.6,5.6,31,"3,081",0,"3,112","55,665",> 100%
National,,All,2019-20,46,6.7,6.2,,5.6,5.6,39,"3,106",0,"3,145","55,858",> 100%
National,,All,2019-20,47,6.8,6.3,,5.5,5.5,50,"3,014",0,"3,064","56,161",> 100%
National,,All,2019-20,48,6.9,6.4,,5.5,5.5,66,"2,997",0,"3,063","55,427",> 100%
National,,All,2019-20,49,7,6.6,,6,6,101,"3,329",0,"3,430","57,252",> 100%
National,,All,2019-20,50,7.1,6.7,,6.2,6.2,111,"3,480",0,"3,591","57,626",> 100%
National,,All,2019-20,51,7.2,6.8,,6.1,6.1,129,"3,392",0,"3,521","57,400",> 100%
National,,All,2019-20,52,7.3,6.8,,6.4,6.4,203,"3,539",0,"3,742","58,443",> 100%
National,,All,2019-20,1,7.4,6.9,,7.6,7.6,432,"4,102",0,"4,534","60,028",> 100%
National,,All,2019-20,2,7.4,7,,7.6,7.6,472,"4,137",1,"4,609","60,588",> 100%
National,,All,2019-20,3,7.5,7,,7.6,7.6,465,"4,057",2,"4,522","59,217",> 100%
National,,All,2019-20,4,7.5,7.1,,7.5,7.5,498,"3,905",3,"4,406","59,020",> 100%
National,,All,2019-20,5,7.5,7.1,,7.3,7.3,480,"3,810",0,"4,290","58,701",> 100%
National,,All,2019-20,6,7.5,7.1,,7.3,7.3,519,"3,816",4,"4,338","59,355",> 100%
National,,All,2019-20,7,7.5,7.1,,7.5,7.5,560,"3,839",6,"4,403","58,699",> 100%
National,,All,2019-20,8,7.5,7.1,,7.3,7.3,566,"3,711",6,"4,280","58,771",> 100%
National,,All,2019-20,9,7.5,7,,7.6,7.6,655,"3,837",9,"4,496","59,203",> 100%
National,,All,2019-20,10,7.4,7,,7.7,7.8,634,"3,976",38,"4,628","59,570",> 100%
National,,All,2019-20,11,7.4,6.9,,7.8,7.9,625,"3,971",60,"4,625","58,553",> 100%
National,,All,2019-20,12,7.3,6.8,,8.6,9.2,558,"4,543",586,"5,422","59,096",> 100%
National,,All,2019-20,13,7.2,6.8,,10.5,13.2,445,"6,169","3,211","8,319","62,873",> 100%
National,,All,2019-20,14,7.1,6.7,,14.4,21.5,476,"9,911","10,113","15,486","72,145",> 100%
National,,All,2019-20,15,7,6.6,,15.8,26.8,473,"11,988","16,306","21,178","78,946",> 100%
National,,All,2019-20,16,6.9,6.4,,15.2,27.8,263,"11,405","17,201","21,344","76,697",> 100%
National,,All,2019-20,17,6.8,6.3,,14.2,26.2,143,"10,369","15,525","19,325","73,774",> 100%
National,,All,2019-20,18,6.6,6.2,,13,24.1,66,"8,929","13,199","16,657","69,181",> 100%
National,,All,2019-20,19,6.5,6.1,,11.8,21.5,48,"7,825","11,223","14,370","66,709",> 100%
National,,All,2019-20,20,6.4,6,,10.6,19,22,"6,779","9,229","12,227","64,399",> 100%
National,,All,2019-20,21,6.3,5.8,,9.6,16.5,24,"5,894","7,228","10,161","61,520",> 100%
National,,All,2019-20,22,6.2,5.7,,8.9,15,12,"5,266","6,160","8,956","59,595",> 100%
National,,All,2019-20,23,6,5.6,,8.3,13.3,11,"4,895","5,046","7,799","58,804",> 100%
National,,All,2019-20,24,5.9,5.5,,7.9,11.9,11,"4,539","4,227","6,910","57,920",> 100%
National,,All,2019-20,25,5.8,5.4,,7.5,11.4,8,"4,363","3,844","6,611","57,904",> 100%
National,,All,2019-20,26,5.7,5.3,,7.3,11.2,12,"4,271","3,835","6,551","58,392",> 100%
National,,All,2019-20,27,5.7,5.2,,7.6,11.9,4,"4,559","4,540","7,097","59,702",> 100%
National,,All,2019-20,28,5.6,5.2,,9,13.9,10,"5,535","5,770","8,600","61,800",> 100%
National,,All,2019-20,29,5.5,5.1,,9.8,15.7,13,"6,182","7,166","9,915","62,998",> 100%
National,,All,2019-20,30,5.5,5.1,,10.6,17.2,11,"6,765","8,229","11,035","64,122",> 100%
National,,All,2019-20,31,5.5,5,,10.7,17.2,13,"6,840","8,285","11,058","64,121",> 100%
National,,All,2019-20,32,5.5,5,,10.7,16.8,10,"6,805","7,848","10,689","63,576",> 100%
National,,All,2019-20,33,5.5,5,,10.3,15.9,5,"6,508","7,248","10,084","63,511",> 100%
National,,All,2019-20,34,5.5,5,,9.6,14.6,12,"5,968","6,375","9,136","62,440",> 100%
National,,All,2019-20,35,5.5,5.1,,9.1,13.8,12,"5,541","5,739","8,404","60,980",> 100%
National,,All,2019-20,36,5.6,5.1,,8.7,12.8,9,"5,204","5,010","7,719","60,126",> 100%
National,,All,2019-20,37,5.6,5.2,,8.3,12.2,7,"4,942","4,618","7,272","59,548",> 100%
National,,All,2019-20,38,5.7,5.2,,8,11.7,5,"4,772","4,273","7,002","59,638",> 100%
National,,All,2019-20,39,5.8,5.3,,8.2,11.8,4,"4,933","4,296","7,117","60,506",> 100%
National,,All,2018-19,40,6.1,5.7,,5.7,5.7,10,"2,970",0,"2,980","52,359",> 100%
National,,All,2018-19,41,6.2,5.8,,5.5,5.5,12,"2,865",0,"2,877","51,850",> 100%
National,,All,2018-19,42,6.3,5.9,,5.7,5.7,18,"2,989",0,"3,007","52,980",> 100%
National,,All,2018-19,43,6.4,6,,5.7,5.7,24,"3,066",0,"3,090","53,766",> 100%
National,,All,2018-19,44,6.5,6.1,,5.6,5.6,25,"3,004",0,"3,029","53,643",> 100%
National,,All,2018-19,45,6.7,6.2,,5.7,5.7,30,"3,022",0,"3,052","53,563",> 100%
National,,All,2018-19,46,6.8,6.3,,5.8,5.8,26,"3,143",0,"3,169","54,699",> 100%
National,,All,2018-19,47,6.9,6.5,,5.9,5.9,31,"3,178",0,"3,209","54,849",> 100%
National,,All,2018-19,48,7,6.6,,6,6,38,"3,288",0,"3,326","55,064",> 100%
National,,All,2018-19,49,7.1,6.7,,6.2,6.2,56,"3,399",0,"3,455","55,969",> 100%
National,,All,2018-19,50,7.2,6.8,,6.4,6.4,52,"3,552",0,"3,604","56,389",> 100%
National,,All,2018-19,51,7.3,6.9,,6.3,6.3,88,"3,490",0,"3,578","56,532",> 100%
National,,All,2018-19,52,7.4,7,,6.7,6.7,141,"3,636",0,"3,777","56,030",> 100%
National,,All,2018-19,1,7.5,7,,7.1,7.1,211,"3,919",0,"4,130","58,288",> 100%
National,,All,2018-19,2,7.6,7.1,,7.4,7.4,260,"4,055",0,"4,315","58,353",> 100%
National,,All,2018-19,3,7.6,7.2,,7.5,7.5,246,"4,098",0,"4,344","58,210",> 100%
National,,All,2018-19,4,7.6,7.2,,7.2,7.2,276,"3,899",0,"4,175","57,897",> 100%
National,,All,2018-19,5,7.7,7.2,,7.3,7.3,327,"3,893",0,"4,220","58,146",> 100%
National,,All,2018-19,6,7.7,7.2,,7.3,7.3,367,"3,891",0,"4,258","58,517",> 100%
National,,All,2018-19,7,7.7,7.2,,7.6,7.6,483,"3,896",0,"4,379","57,994",> 100%
National,,All,2018-19,8,7.6,7.2,,7.7,7.7,474,"3,987",0,"4,461","57,988",> 100%
National,,All,2018-19,9,7.6,7.1,,7.4,7.4,516,"3,758",0,"4,274","57,962",> 100%
National,,All,2018-19,10,7.5,7.1,,7.3,7.3,543,"3,752",0,"4,295","58,531",> 100%
National,,All,2018-19,11,7.5,7,,7.8,7.8,511,"3,978",0,"4,489","57,896",> 100%
National,,All,2018-19,12,7.4,6.9,,7.5,7.5,480,"3,797",0,"4,277","57,078",> 100%
National,,All,2018-19,13,7.3,6.9,,7.4,7.4,459,"3,714",0,"4,173","56,667",> 100%
National,,All,2018-19,14,7.2,6.8,,7,7,339,"3,634",0,"3,973","56,590",> 100%
National,,All,2018-19,15,7.1,6.7,,6.8,6.8,303,"3,450",0,"3,753","55,480",> 100%
National,,All,2018-19,16,7,6.5,,6.6,6.6,202,"3,414",0,"3,616","54,460",> 100%
National,,All,2018-19,17,6.9,6.4,,6.4,6.4,156,"3,273",0,"3,429","53,645",> 100%
National,,All,2018-19,18,6.7,6.3,,6.2,6.2,97,"3,223",0,"3,320","53,971",> 100%
National,,All,2018-19,19,6.6,6.2,,6.2,6.2,68,"3,229",0,"3,297","53,455",> 100%
National,,All,2018-19,20,6.5,6,,6,6,50,"3,159",0,"3,209","53,566",> 100%
National,,All,2018-19,21,6.4,5.9,,5.9,5.9,30,"3,149",0,"3,179","53,681",> 100%
National,,All,2018-19,22,6.2,5.8,,6,6,29,"3,117",0,"3,146","52,713",> 100%
National,,All,2018-19,23,6.1,5.7,,5.8,5.8,21,"3,045",0,"3,066","53,128",> 100%
National,,All,2018-19,24,6,5.6,,5.6,5.6,16,"2,934",0,"2,950","52,634",> 100%
National,,All,2018-19,25,5.9,5.5,,5.7,5.7,13,"2,952",0,"2,965","52,273",> 100%
National,,All,2018-19,26,5.8,5.4,,5.6,5.6,15,"2,898",0,"2,913","52,188",> 100%
National,,All,2018-19,27,5.8,5.3,,5.5,5.5,13,"2,864",0,"2,877","52,331",> 100%
National,,All,2018-19,28,5.7,5.3,,5.4,5.4,11,"2,770",0,"2,781","51,914",> 100%
National,,All,2018-19,29,5.6,5.2,,5.2,5.2,5,"2,679",0,"2,684","51,637",> 100%
National,,All,2018-19,30,5.6,5.2,,5.4,5.4,8,"2,762",0,"2,770","51,649",> 100%
National,,All,2018-19,31,5.6,5.1,,5.3,5.3,6,"2,737",0,"2,743","51,401",> 100%
National,,All,2018-19,32,5.6,5.1,,5.1,5.1,7,"2,645",0,"2,652","51,731",> 100%
National,,All,2018-19,33,5.6,5.1,,5.1,5.1,8,"2,601",0,"2,609","50,986",> 100%
National,,All,2018-19,34,5.6,5.1,,5.1,5.1,6,"2,602",0,"2,608","51,001",> 100%
National,,All,2018-19,35,5.6,5.2,,5.1,5.1,13,"2,618",0,"2,631","51,144",> 100%
National,,All,2018-19,36,5.7,5.2,,5,5,12,"2,583",0,"2,595","51,807",> 100%
National,,All,2018-19,37,5.7,5.3,,4.9,4.9,16,"2,515",0,"2,531","51,612",> 100%
National,,All,2018-19,38,5.8,5.4,,5.3,5.3,14,"2,709",0,"2,723","51,743",> 100%
National,,All,2018-19,39,5.9,5.4,,5.3,5.3,16,"2,780",0,"2,796","52,741",> 100%
National,,All,2017-18,40,6.2,5.8,,5.4,5.4,7,915,0,922,"17,174",36.1%
National,,All,2017-18,41,6.3,5.9,,5.3,5.3,4,989,0,993,"18,670",39.2%
National,,All,2017-18,42,6.4,6,,5.8,5.8,14,"1,160",0,"1,174","20,402",42.9%
National,,All,2017-18,43,6.6,6.1,,5.9,5.9,12,"1,336",0,"1,348","23,009",48.4%
National,,All,2017-18,44,6.7,6.2,,5.9,5.9,20,"1,597",0,"1,617","27,595",58%
National,,All,2017-18,45,6.8,6.3,,5.8,5.8,29,"1,966",0,"1,995","34,440",72.4%
National,,All,2017-18,46,6.9,6.5,,6.2,6.2,47,"3,010",0,"3,057","48,994",> 100%
National,,All,2017-18,47,7,6.6,,6,6,48,"3,202",0,"3,250","54,125",> 100%
National,,All,2017-18,48,7.2,6.7,,6.5,6.5,83,"3,493",0,"3,576","54,762",> 100%
National,,All,2017-18,49,7.3,6.8,,6.6,6.6,118,"3,528",0,"3,646","55,596",> 100%
National,,All,2017-18,50,7.4,6.9,,6.8,6.8,165,"3,759",0,"3,924","57,372",> 100%
National,,All,2017-18,51,7.5,7,,7.3,7.3,359,"3,987",0,"4,346","59,508",> 100%
National,,All,2017-18,52,7.5,7.1,,8.3,8.3,671,"4,418",0,"5,089","61,095",> 100%
National,,All,2017-18,1,7.6,7.2,,9.6,9.6,"1,165","5,156",0,"6,321","66,137",> 100%
National,,All,2017-18,2,7.7,7.2,,10.5,10.5,"1,536","5,583",0,"7,119","67,496",> 100%
National,,All,2017-18,3,7.7,7.3,,10.9,10.9,"1,626","5,412",0,"7,038","64,649",> 100%
National,,All,2017-18,4,7.8,7.3,,10.6,10.6,"1,448","5,188",0,"6,636","62,790",> 100%
National,,All,2017-18,5,7.8,7.3,,10.2,10.2,"1,360","4,878",0,"6,238","60,978",> 100%
National,,All,2017-18,6,7.8,7.3,,9.7,9.7,"1,243","4,691",0,"5,934","61,114",> 100%
National,,All,2017-18,7,7.8,7.3,,9.7,9.7,"1,179","4,599",0,"5,778","59,779",> 100%
National,,All,2017-18,8,7.7,7.3,,9.2,9.2,892,"4,426",0,"5,318","57,797",> 100%
National,,All,2017-18,9,7.7,7.2,,8.4,8.4,738,"4,044",0,"4,782","56,693",> 100%
National,,All,2017-18,10,7.6,7.2,,8,8,507,"4,061",0,"4,568","57,095",> 100%
National,,All,2017-18,11,7.6,7.1,,7.6,7.6,444,"3,853",0,"4,297","56,326",> 100%
National,,All,2017-18,12,7.5,7,,7.4,7.4,345,"3,793",0,"4,138","55,767",> 100%
National,,All,2017-18,13,7.4,7,,7.4,7.4,284,"3,779",0,"4,063","54,919",> 100%
National,,All,2017-18,14,7.3,6.8,,7.2,7.2,300,"3,698",0,"3,998","55,300",> 100%
National,,All,2017-18,15,7.2,6.7,,6.9,6.9,214,"3,590",0,"3,804","55,229",> 100%
National,,All,2017-18,16,7.1,6.6,,6.6,6.6,153,"3,430",0,"3,583","54,040",> 100%
National,,All,2017-18,17,7,6.5,,6.5,6.5,119,"3,395",0,"3,514","53,728",> 100%
National,,All,2017-18,18,6.8,6.4,,6.1,6.1,106,"3,198",0,"3,304","53,741",> 100%
National,,All,2017-18,19,6.7,6.3,,5.9,5.9,53,"3,033",0,"3,086","52,108",> 100%
National,,All,2017-18,20,6.6,6.1,,5.9,5.9,43,"2,955",0,"2,998","50,622",> 100%
National,,All,2017-18,21,6.4,6,,5.8,5.8,26,"2,951",0,"2,977","50,932",> 100%
National,,All,2017-18,22,6.3,5.9,,5.7,5.7,26,"2,905",0,"2,931","51,047",> 100%
National,,All,2017-18,23,6.2,5.8,,5.6,5.6,14,"2,908",0,"2,922","52,003",> 100%
National,,All,2017-18,24,6.1,5.7,,5.7,5.7,14,"2,935",0,"2,949","51,390",> 100%
National,,All,2017-18,25,6,5.6,,5.6,5.6,7,"2,866",0,"2,873","51,047",> 100%
National,,All,2017-18,26,5.9,5.5,,5.7,5.7,9,"2,868",0,"2,877","50,857",> 100%
National,,All,2017-18,27,5.8,5.4,,5.4,5.4,10,"2,769",0,"2,779","51,684",> 100%
National,,All,2017-18,28,5.8,5.3,,5.4,5.4,5,"2,781",0,"2,786","51,193",> 100%
National,,All,2017-18,29,5.7,5.3,,5.4,5.4,8,"2,706",0,"2,714","50,612",> 100%
National,,All,2017-18,30,5.7,5.2,,5.4,5.4,12,"2,700",0,"2,712","50,278",> 100%
National,,All,2017-18,31,5.7,5.2,,5.3,5.3,4,"2,661",0,"2,665","50,639",> 100%
National,,All,2017-18,32,5.7,5.2,,5.3,5.3,10,"2,673",0,"2,683","50,967",> 100%
National,,All,2017-18,33,5.7,5.2,,5.2,5.2,5,"2,616",0,"2,621","50,301",> 100%
National,,All,2017-18,34,5.7,5.2,,5.4,5.4,10,"2,713",0,"2,723","50,463",> 100%
National,,All,2017-18,35,5.7,5.3,,5.2,5.2,6,"2,630",0,"2,636","50,612",> 100%
National,,All,2017-18,36,5.8,5.3,,5.5,5.5,6,"2,749",0,"2,755","50,300",> 100%
National,,All,2017-18,37,5.8,5.4,,5.4,5.4,8,"2,761",0,"2,769","51,083",> 100%
National,,All,2017-18,38,5.9,5.5,,5.5,5.5,11,"2,819",0,"2,830","51,584",> 100%
National,,All,2017-18,39,6,5.6,,5.5,5.5,14,"2,814",0,"2,828","50,962",> 100%
