AREA,SUB AREA,AGE GROUP,SEASON,WEEK,PERCENT I,NUM INFLUENZA DEATHS,TOTAL DEATHS,PERCENT COMPLETE
National,,All,2021-22,40,0.0289985,20,"68,969",> 100%
National,,All,2021-22,41,0.0163151,11,"67,422",> 100%
National,,All,2021-22,42,0.0224138,15,"66,923",> 100%
National,,All,2021-22,43,0.0211095,14,"66,321",> 100%
National,,All,2021-22,44,0.0105273,7,"66,494",> 100%
National,,All,2021-22,45,0.0386198,26,"67,323",> 100%
National,,All,2021-22,46,0.0239474,16,"66,813",> 100%
National,,All,2021-22,47,0.0280153,19,"67,820",> 100%
National,,All,2021-22,48,0.0528413,37,"70,021",> 100%
National,,All,2021-22,49,0.0777951,56,"71,984",> 100%
National,,All,2021-22,50,0.0814881,58,"71,176",> 100%
National,,All,2021-22,51,0.119223,86,"72,134",> 100%
National,,All,2021-22,52,0.2047,152,"74,255",> 100%
National,,All,2021-22,1,0.235965,188,"79,673",> 100%
National,,All,2021-22,2,0.167157,142,"84,950",> 100%
National,,All,2021-22,3,0.175377,150,"85,530",> 100%
National,,All,2021-22,4,0.110666,94,"84,940",> 100%
National,,All,2021-22,5,0.109594,89,"81,209",> 100%
National,,All,2021-22,6,0.110194,85,"77,137",> 100%
National,,All,2021-22,7,0.0944926,67,"70,905",> 100%
National,,All,2021-22,8,0.0983894,65,"66,064",> 100%
National,,All,2021-22,9,0.0993542,64,"64,416",> 100%
National,,All,2021-22,10,0.105171,65,"61,804",> 100%
National,,All,2021-22,11,0.105738,64,"60,527",> 100%
National,,All,2021-22,12,0.14355,84,"58,516",> 100%
National,,All,2021-22,13,0.132779,77,"57,991",> 100%
National,,All,2021-22,14,0.164422,95,"57,778",> 100%
National,,All,2021-22,15,0.162706,94,"57,773",> 100%
National,,All,2021-22,16,0.187101,106,"56,654",> 100%
National,,All,2021-22,17,0.165884,95,"57,269",> 100%
National,,All,2021-22,18,0.142738,82,"57,448",> 100%
National,,All,2021-22,19,0.172861,100,"57,850",> 100%
National,,All,2021-22,20,0.154535,89,"57,592",> 100%
National,,All,2021-22,21,0.147299,84,"57,027",> 100%
National,,All,2021-22,22,0.144298,83,"57,520",> 100%
National,,All,2021-22,23,0.122414,71,"58,000",> 100%
National,,All,2021-22,24,0.128252,74,"57,699",> 100%
National,,All,2021-22,25,0.0618185,36,"58,235",> 100%
National,,All,2021-22,26,0.0689631,40,"58,002",> 100%
National,,All,2021-22,27,0.0602379,35,"58,103",> 100%
National,,All,2021-22,28,0.0291126,17,"58,394",> 100%
National,,All,2021-22,29,0.0401855,24,"59,723",> 100%
National,,All,2021-22,30,0.0391569,23,"58,738",> 100%
National,,All,2021-22,31,0.0270508,16,"59,148",> 100%
National,,All,2021-22,32,0.0256165,15,"58,556",> 100%
National,,All,2021-22,33,0.0342442,20,"58,404",> 100%
National,,All,2021-22,34,0.0240335,14,"58,252",> 100%
National,,All,2021-22,35,0.020675,12,"58,041",> 100%
National,,All,2021-22,36,0.0323923,19,"58,656",> 100%
National,,All,2021-22,37,0.0292011,17,"58,217",> 100%
National,,All,2021-22,38,0.0340646,20,"58,712",> 100%
National,,All,2021-22,39,0.0410137,24,"58,517",> 100%
National,,All,2022-23,40,0.047028,28,"59,539",> 100%
National,,All,2022-23,41,0.0937851,56,"59,711",> 100%
National,,All,2022-23,42,0.094883,57,"60,074",> 100%
National,,All,2022-23,43,0.159987,96,"60,005",> 100%
National,,All,2022-23,44,0.255725,156,"61,003",> 100%
National,,All,2022-23,45,0.375238,229,"61,028",> 100%
National,,All,2022-23,46,0.418804,258,"61,604",> 100%
National,,All,2022-23,47,0.665635,430,"64,600",> 100%
National,,All,2022-23,48,1.2942,851,"65,755",> 100%
National,,All,2022-23,49,1.53598,"1,029","66,993",> 100%
National,,All,2022-23,50,1.58185,"1,050","66,378",> 100%
National,,All,2022-23,51,1.40267,953,"67,942",> 100%
National,,All,2022-23,52,1.41817,995,"70,161",> 100%
National,,All,2022-23,1,1.28464,886,"68,969",> 100%
National,,All,2022-23,2,0.946553,628,"66,346",> 100%
National,,All,2022-23,3,0.604663,388,"64,168",> 100%
National,,All,2022-23,4,0.43715,273,"62,450",> 100%
National,,All,2022-23,5,0.231116,145,"62,739",> 100%
National,,All,2022-23,6,0.181361,114,"62,858",> 100%
National,,All,2022-23,7,0.191118,118,"61,742",> 100%
National,,All,2022-23,8,0.124105,77,"62,044",> 100%
National,,All,2022-23,9,0.107634,66,"61,319",> 100%
National,,All,2022-23,10,0.0889489,54,"60,709",> 100%
National,,All,2022-23,11,0.0901625,55,"61,001",> 100%
National,,All,2022-23,12,0.0872672,53,"60,733",> 100%
National,,All,2022-23,13,0.074874,45,"60,101",> 100%
National,,All,2022-23,14,0.0779476,46,"59,014",> 100%
National,,All,2022-23,15,0.070458,42,"59,610",> 100%
National,,All,2022-23,16,0.0582212,34,"58,398",> 100%
National,,All,2022-23,17,0.0710006,41,"57,746",> 100%
National,,All,2022-23,18,0.0620508,36,"58,017",> 100%
National,,All,2022-23,19,0.0640249,37,"57,790",> 100%
National,,All,2022-23,20,0.0582823,33,"56,621",> 100%
National,,All,2022-23,21,0.0609964,34,"55,741",> 100%
National,,All,2022-23,22,0.0721831,41,"56,800",> 100%
National,,All,2022-23,23,0.051529,29,"56,279",> 100%
National,,All,2022-23,24,0.0515089,29,"56,301",> 100%
National,,All,2022-23,25,0.0519676,29,"55,804",> 100%
National,,All,2022-23,26,0.0412778,23,"55,720",> 100%
National,,All,2022-23,27,0.0589581,33,"55,972",> 100%
National,,All,2022-23,28,0.0395641,22,"55,606",> 100%
National,,All,2022-23,29,0.0287104,16,"55,729",> 100%
National,,All,2022-23,30,0.0215486,12,"55,688",> 100%
National,,All,2022-23,31,0.0499109,28,"56,100",> 100%
National,,All,2022-23,32,0.0335405,19,"56,648",> 100%
National,,All,2022-23,33,0.0388535,22,"56,623",> 100%
National,,All,2022-23,34,0.0389739,22,"56,448",> 100%
National,,All,2022-23,35,0.0338066,19,"56,202",> 100%
National,,All,2022-23,36,0.0576641,33,"57,228",> 100%
National,,All,2022-23,37,0.0670454,38,"56,678",> 100%
National,,All,2022-23,38,0.0474258,27,"56,931",> 100%
National,,All,2022-23,39,0.057651,33,"57,241",> 100%
National,,All,2023-24,40,0.0482285,28,"58,057",> 100%
National,,All,2023-24,41,0.0616417,36,"58,402",> 100%
National,,All,2023-24,42,0.0923014,54,"58,504",> 100%
National,,All,2023-24,43,0.0803515,47,"58,493",> 100%
National,,All,2023-24,44,0.106816,63,"58,980",> 100%
National,,All,2023-24,45,0.119391,72,"60,306",> 100%
National,,All,2023-24,46,0.135522,81,"59,769",> 100%
National,,All,2023-24,47,0.192003,114,"59,374",> 100%
National,,All,2023-24,48,0.253193,157,"62,008",> 100%
National,,All,2023-24,49,0.323528,205,"63,364",> 100%
National,,All,2023-24,50,0.455421,286,"62,799",> 100%
National,,All,2023-24,51,0.706291,455,"64,421",> 100%
National,,All,2023-24,52,1.07077,699,"65,280",> 100%
National,,All,2023-24,1,1.35419,908,"67,051",> 100%
National,,All,2023-24,2,1.25843,858,"68,180",> 100%
National,,All,2023-24,3,1.0816,722,"66,753",> 100%
National,,All,2023-24,4,0.933477,617,"66,097",> 100%
National,,All,2023-24,5,0.864213,542,"62,716",> 100%
National,,All,2023-24,6,0.735778,458,"62,247",> 100%
National,,All,2023-24,7,0.756546,462,"61,067",> 100%
National,,All,2023-24,8,0.664797,410,"61,673",> 100%
National,,All,2023-24,9,0.655263,398,"60,739",> 100%
National,,All,2023-24,10,0.667993,403,"60,330",> 100%
National,,All,2023-24,11,0.559751,335,"59,848",> 100%
National,,All,2023-24,12,0.453263,265,"58,465",> 100%
National,,All,2023-24,13,0.403494,237,"58,737",> 100%
National,,All,2023-24,14,0.345538,203,"58,749",> 100%
National,,All,2023-24,15,0.342292,202,"59,014",> 100%
National,,All,2023-24,16,0.283958,164,"57,755",> 100%
National,,All,2023-24,17,0.190243,109,"57,295",> 100%
National,,All,2023-24,18,0.150811,86,"57,025",> 100%
National,,All,2023-24,19,0.175982,100,"56,824",> 100%
National,,All,2023-24,20,0.10794,61,"56,513",> 100%
National,,All,2023-24,21,0.0868948,49,"56,390",> 100%
National,,All,2023-24,22,0.0807146,45,"55,752",> 100%
National,,All,2023-24,23,0.0878982,50,"56,884",> 100%
National,,All,2023-24,24,0.0726487,41,"56,436",> 100%
National,,All,2023-24,25,0.081976,46,"56,114",> 100%
National,,All,2023-24,26,0.0493923,28,"56,689",> 100%
National,,All,2023-24,27,0.058521,33,"56,390",> 100%
National,,All,2023-24,28,0.0781347,44,"56,313",> 100%
National,,All,2023-24,29,0.0609865,34,"55,750",> 100%
National,,All,2023-24,30,0.0357405,20,"55,959",> 100%
National,,All,2023-24,31,0.0600431,34,"56,626",> 100%
National,,All,2023-24,32,0.0497468,28,"56,285",> 100%
National,,All,2023-24,33,0.0424711,24,"56,509",> 100%
National,,All,2023-24,34,0.060257,34,"56,425",> 100%
National,,All,2023-24,35,0.0602004,34,"56,478",> 100%
National,,All,2023-24,36,0.0515034,29,"56,307",> 100%
National,,All,2023-24,37,0.0386487,22,"56,923",> 100%
National,,All,2023-24,38,0.0709232,40,"56,399",> 100%
National,,All,2023-24,39,0.060177,34,"56,500",> 100%
National,,All,2024-25,40,0.0583988,33,"56,508",> 100%
National,,All,2024-25,41,0.0471509,27,"57,263",> 100%
National,,All,2024-25,42,0.0520906,30,"57,592",> 100%
National,,All,2024-25,43,0.0414823,24,"57,856",> 100%
National,,All,2024-25,44,0.0641281,37,"57,697",> 100%
National,,All,2024-25,45,0.0622364,36,"57,844",> 100%
National,,All,2024-25,46,0.0540993,31,"57,302",> 100%
National,,All,2024-25,47,0.0977517,57,"58,311",> 100%
National,,All,2024-25,48,0.11897,69,"57,998",> 100%
National,,All,2024-25,49,0.144298,87,"60,292",> 100%
National,,All,2024-25,50,0.26597,166,"62,413",> 100%
National,,All,2024-25,51,0.374162,231,"61,738",> 100%
National,,All,2024-25,52,0.663295,421,"63,471",> 100%
National,,All,2024-25,1,1.18133,764,"64,673",> 100%
National,,All,2024-25,2,1.43987,972,"67,506",> 100%
National,,All,2024-25,3,1.49069,"1,010","67,754",> 100%
National,,All,2024-25,4,1.74091,"1,183","67,953",> 100%
National,,All,2024-25,5,2.19655,"1,523","69,336",> 100%
National,,All,2024-25,6,2.62305,"1,789","68,203",> 100%
National,,All,2024-25,7,2.80162,"1,877","66,997",> 100%
National,,All,2024-25,8,2.67629,"1,794","67,033",> 100%
National,,All,2024-25,9,2.27499,"1,508","66,286",> 100%
National,,All,2024-25,10,1.84735,"1,202","65,066",> 100%
National,,All,2024-25,11,1.42394,904,"63,486",> 100%
National,,All,2024-25,12,1.14103,697,"61,085",> 100%
National,,All,2024-25,13,0.81784,494,"60,403",> 100%
National,,All,2024-25,14,0.579223,341,"58,872",> 100%
National,,All,2024-25,15,0.404803,238,"58,794",> 100%
National,,All,2024-25,16,0.282199,164,"58,115",> 100%
National,,All,2024-25,17,0.221304,128,"57,839",> 100%
National,,All,2024-25,18,0.167379,96,"57,355",> 100%
National,,All,2024-25,19,0.147851,84,"56,814",> 100%
National,,All,2024-25,20,0.117043,67,"57,244",> 100%
National,,All,2024-25,21,0.0816587,46,"56,332",> 100%
National,,All,2024-25,22,0.0984569,55,"55,862",> 100%
National,,All,2024-25,23,0.0812706,46,"56,601",> 100%
National,,All,2024-25,24,0.0868764,49,"56,402",> 100%
National,,All,2024-25,25,0.04995,28,"56,056",> 100%
National,,All,2024-25,26,0.0531538,30,"56,440",> 100%
National,,All,2024-25,27,0.048041,27,"56,202",> 100%
National,,All,2024-25,28,0.0693432,39,"56,242",> 100%
National,,All,2024-25,29,0.0412697,23,"55,731",> 100%
National,,All,2024-25,30,0.0343016,19,"55,391",> 100%
National,,All,2024-25,31,0.0307798,17,"55,231",> 100%
National,,All,2024-25,32,0.03944,22,"55,781",> 100%
National,,All,2024-25,33,0.0251184,14,"55,736",> 100%
National,,All,2024-25,34,0.0377481,21,"55,632",> 100%
National,,All,2024-25,35,0.0343022,19,"55,390",> 100%
National,,All,2024-25,36,0.0410267,23,"56,061",> 100%
National,,All,2024-25,37,0.0357226,20,"55,987",> 100%
National,,All,2024-25,38,0.0498931,28,"56,120",> 100%
National,,All,2024-25,39,0.0337904,19,"56,229",> 100%
National,,All,2025-26,40,0.0326412,18,"55,145",> 100%
National,,All,2025-26,41,0.0395619,22,"55,609",> 100%
National,,All,2025-26,42,0.0335802,19,"56,581",> 100%
National,,All,2025-26,43,0.0425276,24,"56,434",> 100%
National,,All,2025-26,44,0.0590503,34,"57,578",> 100%
National,,All,2025-26,45,0.0562085,33,"58,710",> 100%
National,,All,2025-26,46,0.0834966,49,"58,685",> 100%
National,,All,2025-26,47,0.102948,60,"58,282",> 100%
National,,All,2025-26,48,0.128571,73,"56,778",> 100%
National,,All,2025-26,49,0.221537,133,"60,035",> 100%
National,,All,2025-26,50,0.30406,187,"61,501",> 100%
National,,All,2025-26,51,0.501705,312,"62,188",> 100%
National,,All,2025-26,52,1.00542,623,"61,964",> 100%
National,,All,2025-26,53,1.79579,"1,155","64,317",> 100%
National,,All,2025-26,1,1.90031,"1,233","64,884",> 100%
National,,All,2025-26,2,1.65505,"1,059","63,986",> 100%
National,,All,2025-26,3,1.25149,788,"62,965",> 100%
National,,All,2025-26,4,1.09732,692,"63,063",> 100%
National,,All,2025-26,5,0.980315,624,"63,653",> 100%
National,,All,2025-26,6,0.835853,517,"61,853",> 100%
National,,All,2025-26,7,0.837507,505,"60,298",> 100%
National,,All,2025-26,8,0.680538,400,"58,777",> 100%
National,,All,2025-26,9,0.570583,320,"56,083",> 100%
National,,All,2025-26,10,0.455798,230,"50,461",> 100%
National,,All,2025-26,11,0.33536,139,"41,448",87.1%
National,,All,2025-26,12,0.247514,55,"22,221",46.7%
