REGION TYPE,YEAR,WEEK,TOTAL SPECIMENS,A (2009 H1N1),A (H3),A (Subtyping not Performed),B,BVic,BYam,H3N2v,A (H5),CTR_A (2009 H1N1),CTR_A (H3),CTR_A (Subtyping not Performed),CTR_B,CTR_BVic,CTR_BYam,CTR_H3N2v,CTR_A (H5)
National,2015,40,1139,4,65,2,10,0,1,0,0,0.003511853,0.057067603,0.001755926,0.008779631,0,0.000877963,0,0
National,2015,41,1152,5,41,2,7,3,0,0,0,0.004340278,0.035590278,0.001736111,0.006076389,0.002604167,0,0,0
National,2015,42,1198,10,50,1,8,3,2,0,0,0.008347245,0.041736227,0.000834725,0.006677796,0.002504174,0.001669449,0,0
National,2015,43,1244,9,31,4,9,1,4,0,0,0.007234727,0.024919614,0.003215434,0.007234727,0.000803859,0.003215434,0,0
National,2015,44,1465,4,23,4,9,1,4,0,0,0.002730375,0.015699659,0.002730375,0.006143345,0.000682594,0.002730375,0,0
National,2015,45,1393,11,34,1,10,4,2,0,0,0.007896626,0.024407753,0.000717875,0.007178751,0.0028715,0.00143575,0,0
National,2015,46,1458,17,42,1,4,0,4,0,0,0.011659808,0.028806584,0.000685871,0.002743484,0,0.002743484,0,0
National,2015,47,1157,17,24,0,4,3,9,0,0,0.014693172,0.020743302,0,0.003457217,0.002592913,0.007778738,0,0
National,2015,48,1550,27,36,3,9,3,12,0,0,0.017419355,0.023225806,0.001935484,0.005806452,0.001935484,0.007741935,0,0
National,2015,49,1518,38,37,3,11,2,11,0,0,0.025032938,0.024374177,0.001976285,0.007246377,0.001317523,0.007246377,0,0
National,2015,50,1475,69,39,0,10,4,19,0,0,0.046779661,0.026440678,0,0.006779661,0.002711864,0.012881356,0,0
National,2015,51,1245,89,33,1,12,3,28,0,0,0.071485944,0.026506024,0.000803213,0.009638554,0.002409639,0.02248996,0,0
National,2015,52,1485,146,56,1,13,9,35,0,0,0.098316498,0.037710438,0.000673401,0.008754209,0.006060606,0.023569024,0,0
National,2016,1,1841,232,68,2,14,12,52,0,0,0.126018468,0.036936448,0.001086366,0.007604563,0.006518197,0.028245519,0,0
National,2016,2,1748,256,89,5,47,23,60,0,0,0.146453089,0.050915332,0.002860412,0.026887872,0.013157895,0.034324943,0,0
National,2016,3,1946,361,100,13,45,25,83,0,0,0.185508736,0.051387461,0.00668037,0.023124358,0.012846865,0.042651593,0,0
National,2016,4,2568,526,160,15,97,28,104,0,0,0.20482866,0.062305296,0.005841121,0.037772586,0.010903427,0.040498442,0,0
National,2016,5,2727,672,171,13,98,62,143,0,0,0.246424642,0.062706271,0.004767143,0.035936927,0.022735607,0.052438577,0,0
National,2016,6,3202,891,236,17,161,71,206,0,0,0.278263585,0.073703935,0.005309182,0.050281074,0.022173641,0.064334791,0,0
National,2016,7,3898,1340,256,19,179,103,309,0,0,0.343766034,0.065674705,0.004874295,0.045920985,0.026423807,0.079271421,0,0
National,2016,8,4551,1672,232,28,215,156,383,0,0,0.367391782,0.050977807,0.006152494,0.047242364,0.034278181,0.084157328,0,0
National,2016,9,4687,1886,313,32,211,143,347,0,0,0.402389588,0.066780457,0.006827395,0.045018135,0.030509921,0.074034564,0,0
National,2016,10,5095,2173,313,47,246,162,333,0,0,0.426496565,0.061432777,0.00922473,0.04828263,0.031795878,0.065358194,0,0
National,2016,11,4111,1514,213,24,185,154,278,0,0,0.368280224,0.051812211,0.005837996,0.045001216,0.037460472,0.067623449,0,0
National,2016,12,3357,1058,198,19,185,117,207,0,0,0.315162347,0.058981233,0.005659815,0.055108728,0.034852547,0.061662198,0,0
National,2016,13,3071,807,180,33,208,127,211,0,0,0.262780853,0.05861283,0.010745685,0.067730381,0.041354608,0.068707261,0,0
National,2016,14,2403,534,135,33,173,106,163,0,0,0.222222222,0.056179775,0.013732834,0.071993342,0.044111527,0.067831877,0,0
National,2016,15,2090,383,117,16,148,88,162,0,0,0.183253589,0.055980861,0.007655502,0.070813397,0.042105263,0.077511962,0,0
National,2016,16,1816,276,127,16,158,86,163,0,0,0.151982379,0.069933921,0.008810573,0.087004405,0.047356828,0.089757709,0,0
National,2016,17,1491,167,98,5,94,78,119,0,0,0.112005366,0.0657277,0.003353454,0.063044936,0.052313883,0.079812207,0,0
National,2016,18,1125,77,59,2,80,53,82,0,0,0.068444444,0.052444444,0.001777778,0.071111111,0.047111111,0.072888889,0,0
National,2016,19,1019,53,62,2,53,36,71,0,0,0.052011776,0.060843965,0.001962709,0.052011776,0.035328754,0.069676153,0,0
National,2016,20,816,35,77,4,44,14,50,0,0,0.042892157,0.094362745,0.004901961,0.053921569,0.017156863,0.06127451,0,0
National,2016,21,639,16,44,2,30,22,32,0,0,0.025039124,0.06885759,0.00312989,0.046948357,0.034428795,0.050078247,0,0
National,2016,22,482,4,13,1,24,14,35,0,0,0.008298755,0.026970954,0.002074689,0.049792531,0.029045643,0.072614108,0,0
National,2016,23,464,5,15,1,14,6,17,0,0,0.010775862,0.032327586,0.002155172,0.030172414,0.012931034,0.036637931,0,0
National,2016,24,424,7,18,0,6,6,10,0,0,0.016509434,0.04245283,0,0.014150943,0.014150943,0.023584906,0,0
National,2016,25,320,5,22,0,10,9,11,0,0,0.015625,0.06875,0,0.03125,0.028125,0.034375,0,0
National,2016,26,325,3,18,3,4,6,9,0,0,0.009230769,0.055384615,0.009230769,0.012307692,0.018461538,0.027692308,0,0
National,2016,27,271,2,18,0,5,5,9,0,0,0.007380074,0.066420664,0,0.018450185,0.018450185,0.033210332,0,0
National,2016,28,291,1,21,1,3,2,11,0,0,0.003436426,0.072164948,0.003436426,0.010309278,0.006872852,0.037800687,0,0
National,2016,29,297,2,18,1,4,0,10,0,0,0.006734007,0.060606061,0.003367003,0.013468013,0,0.033670034,0,0
National,2016,30,298,2,38,0,2,2,10,1,0,0.006711409,0.127516779,0,0.006711409,0.006711409,0.033557047,0.003355705,0
National,2016,31,351,1,45,2,0,1,4,3,0,0.002849003,0.128205128,0.005698006,0,0.002849003,0.011396011,0.008547009,0
National,2016,32,351,6,28,0,1,3,12,10,0,0.017094017,0.07977208,0,0.002849003,0.008547009,0.034188034,0.028490028,0
National,2016,33,376,1,29,0,3,1,7,4,0,0.002659574,0.07712766,0,0.007978723,0.002659574,0.018617021,0.010638298,0
National,2016,34,364,5,28,0,2,2,6,0,0,0.013736264,0.076923077,0,0.005494505,0.005494505,0.016483516,0,0
National,2016,35,408,7,33,0,5,4,2,0,0,0.017156863,0.080882353,0,0.012254902,0.009803922,0.004901961,0,0
National,2016,36,400,3,45,0,6,1,3,0,0,0.0075,0.1125,0,0.015,0.0025,0.0075,0,0
National,2016,37,553,8,55,2,10,4,6,0,0,0.014466546,0.099457505,0.003616637,0.018083183,0.007233273,0.01084991,0,0
National,2016,38,622,6,77,0,8,3,5,0,0,0.009646302,0.123794212,0,0.012861736,0.004823151,0.008038585,0,0
National,2016,39,696,5,73,1,5,11,0,0,0,0.007183908,0.104885057,0.001436782,0.007183908,0.015804598,0,0,0
National,2016,40,898,9,87,0,1,5,4,0,0,0.010022272,0.09688196,0,0.001113586,0.005567929,0.004454343,0,0
National,2016,41,970,11,81,0,3,7,6,0,0,0.011340206,0.083505155,0,0.003092784,0.007216495,0.006185567,0,0
National,2016,42,1140,12,134,2,1,8,10,0,0,0.010526316,0.11754386,0.001754386,0.000877193,0.007017544,0.00877193,0,0
National,2016,43,1168,13,130,1,6,3,3,0,0,0.011130137,0.11130137,0.000856164,0.005136986,0.002568493,0.002568493,0,0
National,2016,44,1296,12,122,3,3,10,7,0,0,0.009259259,0.094135802,0.002314815,0.002314815,0.007716049,0.005401235,0,0
National,2016,45,1275,5,155,1,5,6,1,0,0,0.003921569,0.121568627,0.000784314,0.003921569,0.004705882,0.000784314,0,0
National,2016,46,1351,9,189,2,13,7,1,0,0,0.006661732,0.139896373,0.001480385,0.009622502,0.005181347,0.000740192,0,0
National,2016,47,1098,5,164,14,10,4,3,0,0,0.004553734,0.149362477,0.012750455,0.009107468,0.003642987,0.00273224,0,0
National,2016,48,1713,13,318,11,18,17,5,0,0,0.007589025,0.185639229,0.006421483,0.010507881,0.00992411,0.002918856,0,0
National,2016,49,1880,14,479,3,3,20,7,0,0,0.007446809,0.254787234,0.001595745,0.001595745,0.010638298,0.003723404,0,0
National,2016,50,2244,18,750,9,16,27,18,0,0,0.00802139,0.334224599,0.004010695,0.007130125,0.012032086,0.00802139,0,0
National,2016,51,2505,29,1016,11,16,38,28,0,0,0.011576846,0.405588822,0.004391218,0.006387226,0.015169661,0.011177645,0,0
National,2016,52,3287,32,1676,31,13,59,37,0,0,0.009735321,0.509887435,0.009431092,0.003954974,0.017949498,0.011256465,0,0
National,2017,1,3932,53,2067,13,19,47,60,0,0,0.013479145,0.525686673,0.003306205,0.004832146,0.011953204,0.01525941,0,0
National,2017,2,4348,49,2210,30,25,49,76,0,0,0.011269549,0.508279669,0.006899724,0.00574977,0.011269549,0.017479301,0,0
National,2017,3,4278,57,2253,24,26,69,104,0,0,0.013323983,0.526647966,0.005610098,0.006077606,0.016129032,0.024310425,0,0
National,2017,4,4568,47,2431,29,30,71,123,0,0,0.010288967,0.532180385,0.006348511,0.006567426,0.015542907,0.026926445,0,0
National,2017,5,5086,51,2596,30,50,96,182,0,0,0.010027527,0.510420763,0.005898545,0.009830908,0.018875344,0.035784506,0,0
National,2017,6,5521,71,2975,23,47,126,240,0,0,0.012859989,0.538851657,0.004165912,0.008512951,0.022821953,0.043470386,0,0
National,2017,7,5335,68,2617,17,104,152,300,0,0,0.012746017,0.490534208,0.003186504,0.019493908,0.028491097,0.056232427,0,0
National,2017,8,5065,87,2364,12,89,159,357,0,0,0.017176703,0.466732478,0.0023692,0.01757157,0.031391905,0.070483712,0,0
National,2017,9,3995,54,1492,13,102,149,358,0,0,0.013516896,0.373466834,0.003254068,0.025531915,0.037296621,0.089612015,0,0
National,2017,10,3625,50,1256,15,107,138,389,0,0,0.013793103,0.346482759,0.004137931,0.029517241,0.038068966,0.107310345,0,0
National,2017,11,3238,28,909,11,124,141,440,0,0,0.008647313,0.280728845,0.003397159,0.038295244,0.043545398,0.13588635,0,0
National,2017,12,3212,31,843,4,124,193,523,0,0,0.009651308,0.2624533,0.00124533,0.03860523,0.060087173,0.162826899,0,0
National,2017,13,3049,27,655,3,218,143,576,0,0,0.008855362,0.214824533,0.000983929,0.071498852,0.046900623,0.188914398,0,0
National,2017,14,2308,17,374,4,133,117,450,0,0,0.007365685,0.162045061,0.001733102,0.05762565,0.050693241,0.194974003,0,0
National,2017,15,1719,5,221,1,81,66,383,0,0,0.002908668,0.128563118,0.000581734,0.047120419,0.038394415,0.222803956,0,0
National,2017,16,1549,11,144,2,81,54,250,0,0,0.007101356,0.092963202,0.001291156,0.052291801,0.034861201,0.161394448,0,0
National,2017,17,1304,7,133,2,49,51,181,0,0,0.005368098,0.101993865,0.001533742,0.037576687,0.039110429,0.138803681,0,0
National,2017,18,1044,5,83,2,41,31,131,0,0,0.004789272,0.079501916,0.001915709,0.039272031,0.029693487,0.125478927,0,0
National,2017,19,889,3,97,2,36,38,117,0,0,0.003374578,0.109111361,0.002249719,0.040494938,0.042744657,0.131608549,0,0
National,2017,20,788,5,63,1,33,33,114,0,0,0.006345178,0.079949239,0.001269036,0.041878173,0.041878173,0.144670051,0,0
National,2017,21,640,6,41,0,23,26,80,0,0,0.009375,0.0640625,0,0.0359375,0.040625,0.125,0,0
National,2017,22,550,1,39,0,17,51,60,0,0,0.001818182,0.070909091,0,0.030909091,0.092727273,0.109090909,0,0
National,2017,23,457,5,33,0,19,22,63,0,0,0.010940919,0.072210066,0,0.041575492,0.048140044,0.13785558,0,0
National,2017,24,398,8,43,1,9,11,45,0,0,0.020100503,0.108040201,0.002512563,0.022613065,0.027638191,0.113065327,0,0
National,2017,25,388,5,40,0,8,11,31,0,0,0.012886598,0.103092784,0,0.020618557,0.028350515,0.079896907,0,0
National,2017,26,361,5,39,1,7,4,21,0,0,0.013850416,0.108033241,0.002770083,0.019390582,0.011080332,0.058171745,0,0
National,2017,27,295,10,29,0,4,7,7,0,0,0.033898305,0.098305085,0,0.013559322,0.023728814,0.023728814,0,0
National,2017,28,347,4,31,0,11,5,9,2,0,0.011527378,0.089337176,0,0.031700288,0.014409222,0.025936599,0.005763689,0
National,2017,29,354,8,26,0,9,0,7,9,0,0.02259887,0.073446328,0,0.025423729,0,0.019774011,0.025423729,0
National,2017,30,367,7,31,4,3,1,21,0,0,0.019073569,0.084468665,0.010899183,0.008174387,0.002724796,0.057220708,0,0
National,2017,31,385,8,41,0,3,0,8,5,0,0.020779221,0.106493506,0,0.007792208,0,0.020779221,0.012987013,0
National,2017,32,373,6,42,1,7,0,20,1,0,0.016085791,0.112600536,0.002680965,0.018766756,0,0.053619303,0.002680965,0
National,2017,33,353,5,32,3,1,0,9,0,0,0.014164306,0.090651558,0.008498584,0.002832861,0,0.025495751,0,0
National,2017,34,410,6,54,2,10,1,9,0,0,0.014634146,0.131707317,0.004878049,0.024390244,0.002439024,0.02195122,0,0
National,2017,35,486,18,64,1,7,0,0,0,0,0.037037037,0.131687243,0.002057613,0.014403292,0,0,0,0
National,2017,36,469,12,105,2,3,0,13,0,0,0.025586354,0.223880597,0.004264392,0.006396588,0,0.02771855,0,0
National,2017,37,719,8,109,0,14,2,17,0,0,0.011126565,0.151599444,0,0.019471488,0.002781641,0.02364395,0,0
National,2017,38,830,2,101,3,10,1,18,17,0,0.002409639,0.121686747,0.003614458,0.012048193,0.001204819,0.021686747,0.020481928,0
National,2017,39,961,10,119,1,3,0,10,24,0,0.010405827,0.123829344,0.001040583,0.003121748,0,0.010405827,0.024973985,0
National,2017,40,1041,13,123,3,5,0,16,1,0,0.012487992,0.11815562,0.002881844,0.004803074,0,0.015369837,0.000960615,0
National,2017,41,1079,14,143,8,6,4,13,0,0,0.012974977,0.13253012,0.007414272,0.005560704,0.003707136,0.012048193,0,0
National,2017,42,1234,14,173,0,2,1,11,0,0,0.011345219,0.140194489,0,0.001620746,0.000810373,0.0089141,0,0
National,2017,43,1473,26,180,24,13,1,21,0,0,0.017651052,0.122199593,0.016293279,0.008825526,0.000678887,0.014256619,0,0
National,2017,44,1591,24,249,15,17,3,36,0,0,0.015084852,0.156505343,0.009428033,0.010685104,0.001885607,0.022627278,0,0
National,2017,45,1554,29,315,1,12,4,33,0,0,0.018661519,0.202702703,0.000643501,0.007722008,0.002574003,0.021235521,0,0
National,2017,46,1876,56,405,2,29,5,61,0,0,0.029850746,0.215884861,0.001066098,0.015458422,0.002665245,0.032515991,0,0
National,2017,47,1611,41,490,2,10,5,60,0,0,0.025450031,0.304158908,0.001241465,0.006207325,0.003103662,0.037243948,0,0
National,2017,48,2369,61,787,11,20,8,108,1,0,0.025749261,0.332207683,0.004643309,0.008442381,0.003376952,0.045588856,0.000422119,0
National,2017,49,2785,72,1055,4,31,16,103,0,0,0.025852783,0.378815081,0.001436266,0.011131059,0.005745063,0.036983842,0,0
National,2017,50,3558,137,1515,11,39,36,174,0,0,0.038504778,0.425801012,0.003091625,0.010961214,0.010118044,0.048903879,0,0
National,2017,51,4815,240,2491,19,78,39,258,0,0,0.049844237,0.517341641,0.003946002,0.016199377,0.008099688,0.053582555,0,0
National,2017,52,5424,279,2984,29,100,35,372,0,0,0.051438053,0.550147493,0.005346608,0.018436578,0.006452802,0.068584071,0,0
National,2018,1,6410,320,3295,39,165,45,463,0,0,0.049921997,0.514040562,0.006084243,0.02574103,0.007020281,0.072230889,0,0
National,2018,2,6919,393,3336,70,163,42,534,0,0,0.056800116,0.4821506,0.010117069,0.023558318,0.006070241,0.077178783,0,0
National,2018,3,6293,406,2727,50,189,47,536,0,0,0.064516129,0.43333863,0.007945336,0.03003337,0.007468616,0.085174003,0,0
National,2018,4,6923,540,2749,38,231,58,718,0,0,0.078000867,0.39708219,0.00548895,0.033367037,0.008377871,0.103712263,0,0
National,2018,5,7056,542,2494,41,306,91,804,0,0,0.076814059,0.35345805,0.005810658,0.043367347,0.012896825,0.113945578,0,0
National,2018,6,6492,544,2040,32,329,113,931,0,0,0.083795441,0.314232902,0.004929144,0.050677757,0.017406038,0.14340727,0,0
National,2018,7,5508,495,1511,24,251,115,931,0,0,0.089869281,0.27432825,0.004357298,0.04557008,0.020878722,0.16902687,0,0
National,2018,8,4546,306,1073,19,245,116,891,0,0,0.067311923,0.236031676,0.004179498,0.053893533,0.025516938,0.19599648,0,0
National,2018,9,3580,246,588,12,204,88,699,0,0,0.068715084,0.16424581,0.003351955,0.05698324,0.024581006,0.195251397,0,0
National,2018,10,3057,144,411,25,172,88,646,0,0,0.047105005,0.134445535,0.008177952,0.056264311,0.028786392,0.211318286,0,0
National,2018,11,2529,188,277,25,174,70,542,0,0,0.074337683,0.109529458,0.00988533,0.068801898,0.027678924,0.214313958,0,0
National,2018,12,2248,120,234,10,129,52,467,0,0,0.053380783,0.104092527,0.004448399,0.057384342,0.023131673,0.207740214,0,0
National,2018,13,1965,132,220,8,107,62,455,0,0,0.067175573,0.111959288,0.004071247,0.054452926,0.031552163,0.231552163,0,0
National,2018,14,1906,120,163,7,72,54,405,0,0,0.062959077,0.085519412,0.003672613,0.037775446,0.028331584,0.212486884,0,0
National,2018,15,1481,101,102,2,54,40,297,0,0,0.068197164,0.068872384,0.001350439,0.03646185,0.027008778,0.200540176,0,0
National,2018,16,1174,51,86,0,45,43,211,0,0,0.043441227,0.073253833,0,0.038330494,0.036626917,0.179727428,0,0
National,2018,17,1028,56,53,1,53,28,138,0,0,0.054474708,0.05155642,0.000972763,0.05155642,0.027237354,0.134241245,0,0
National,2018,18,831,40,31,2,23,14,137,0,0,0.048134777,0.037304452,0.002406739,0.027677497,0.016847172,0.164861613,0,0
National,2018,19,599,16,20,0,8,6,68,0,0,0.026711185,0.033388982,0,0.013355593,0.010016694,0.113522538,0,0
National,2018,20,464,16,10,0,10,6,27,0,0,0.034482759,0.021551724,0,0.021551724,0.012931034,0.058189655,0,0
National,2018,21,344,18,6,0,8,4,20,0,0,0.052325581,0.01744186,0,0.023255814,0.011627907,0.058139535,0,0
National,2018,22,265,8,5,0,2,2,11,0,0,0.030188679,0.018867925,0,0.00754717,0.00754717,0.041509434,0,0
National,2018,23,286,7,3,0,3,3,9,0,0,0.024475524,0.01048951,0,0.01048951,0.01048951,0.031468531,0,0
National,2018,24,283,6,3,0,2,3,8,0,0,0.021201413,0.010600707,0,0.007067138,0.010600707,0.028268551,0,0
National,2018,25,213,1,3,0,0,3,6,1,0,0.004694836,0.014084507,0,0,0.014084507,0.028169014,0.004694836,0
National,2018,26,197,2,6,0,0,0,1,0,0,0.010152284,0.030456853,0,0,0,0.005076142,0,0
National,2018,27,131,9,5,0,1,0,6,0,0,0.06870229,0.038167939,0,0.007633588,0,0.045801527,0,0
National,2018,28,176,8,9,0,1,2,3,0,0,0.045454545,0.051136364,0,0.005681818,0.011363636,0.017045455,0,0
National,2018,29,174,15,5,0,3,2,4,0,0,0.086206897,0.028735632,0,0.017241379,0.011494253,0.022988506,0,0
National,2018,30,243,9,3,4,0,2,0,0,0,0.037037037,0.012345679,0.016460905,0,0.008230453,0,0,0
National,2018,31,185,7,10,3,0,0,1,0,0,0.037837838,0.054054054,0.016216216,0,0,0.005405405,0,0
National,2018,32,164,6,8,5,1,0,2,0,0,0.036585366,0.048780488,0.030487805,0.006097561,0,0.012195122,0,0
National,2018,33,181,5,9,6,1,0,2,0,0,0.027624309,0.049723757,0.033149171,0.005524862,0,0.011049724,0,0
National,2018,34,259,17,20,6,1,0,1,0,0,0.065637066,0.077220077,0.023166023,0.003861004,0,0.003861004,0,0
National,2018,35,258,10,6,0,0,0,2,0,0,0.03875969,0.023255814,0,0,0,0.007751938,0,0
National,2018,36,351,17,17,0,1,0,1,0,0,0.048433048,0.048433048,0,0.002849003,0,0.002849003,0,0
National,2018,37,446,29,14,0,0,1,5,0,0,0.065022422,0.031390135,0,0,0.002242152,0.011210762,0,0
National,2018,38,535,22,17,2,2,1,2,0,0,0.041121495,0.031775701,0.003738318,0.003738318,0.001869159,0.003738318,0,0
National,2018,39,561,20,13,0,0,0,3,0,0,0.035650624,0.023172906,0,0,0,0.005347594,0,0
National,2018,40,801,29,11,8,0,7,11,0,0,0.036204744,0.013732834,0.009987516,0,0.008739076,0.013732834,0,0
National,2018,41,918,52,11,8,5,3,5,0,0,0.05664488,0.011982571,0.008714597,0.005446623,0.003267974,0.005446623,0,0
National,2018,42,1110,52,22,13,1,2,14,0,0,0.046846847,0.01981982,0.011711712,0.000900901,0.001801802,0.012612613,0,0
National,2018,43,1113,76,35,3,3,0,13,0,0,0.068283917,0.031446541,0.002695418,0.002695418,0,0.011680144,0,0
National,2018,44,1247,84,23,3,1,1,8,0,0,0.067361668,0.018444266,0.002405774,0.000801925,0.000801925,0.006415397,0,0
National,2018,45,1339,117,27,15,5,4,7,0,0,0.087378641,0.020164302,0.01120239,0.00373413,0.002987304,0.005227782,0,0
National,2018,46,1426,148,41,12,0,2,3,0,0,0.103786816,0.028751753,0.008415147,0,0.001402525,0.002103787,0,0
National,2018,47,1129,215,54,10,1,2,5,0,0,0.190434012,0.047829938,0.008857396,0.00088574,0.001771479,0.004428698,0,0
National,2018,48,1704,326,64,12,1,2,10,0,0,0.191314554,0.037558685,0.007042254,0.000586854,0.001173709,0.005868545,0,0
National,2018,49,1728,361,90,14,7,3,7,0,0,0.208912037,0.052083333,0.008101852,0.004050926,0.001736111,0.004050926,0,0
National,2018,50,2200,675,166,20,3,7,6,0,0,0.306818182,0.075454545,0.009090909,0.001363636,0.003181818,0.002727273,0,0
National,2018,51,2674,1115,248,79,9,20,8,0,0,0.41697831,0.092744951,0.029543755,0.003365744,0.007479432,0.002991773,0,0
National,2018,52,2568,1243,274,113,7,19,9,0,0,0.484034268,0.106697819,0.044003115,0.002725857,0.007398754,0.003504673,0,0
National,2019,1,2901,1182,305,162,6,8,17,0,0,0.407445708,0.10513616,0.055842813,0.002068252,0.00275767,0.005860048,0,0
National,2019,2,3287,1430,233,100,12,4,20,0,0,0.435047155,0.070885306,0.030422878,0.003650745,0.001216915,0.006084576,0,0
National,2019,3,3330,1475,367,120,9,17,16,0,0,0.442942943,0.11021021,0.036036036,0.002702703,0.005105105,0.004804805,0,0
National,2019,4,3553,1549,513,117,19,19,9,0,0,0.435969603,0.144385027,0.032929918,0.005347594,0.005347594,0.002533071,0,0
National,2019,5,4166,1678,807,74,11,25,18,0,0,0.402784446,0.193710994,0.017762842,0.002640422,0.00600096,0.004320691,0,0
National,2019,6,4895,1878,1201,77,18,18,11,0,0,0.383656793,0.2453524,0.015730337,0.003677222,0.003677222,0.002247191,0,0
National,2019,7,4753,1703,1305,63,23,29,18,0,0,0.358300021,0.274563434,0.013254786,0.004839049,0.00610141,0.003787082,0,0
National,2019,8,4787,1481,1501,79,57,28,12,0,0,0.30937957,0.313557552,0.016503029,0.011907249,0.005849175,0.002506789,0,0
National,2019,9,4988,1377,1783,83,38,34,10,0,0,0.27606255,0.357457899,0.016639936,0.007618284,0.006816359,0.002004812,0,0
National,2019,10,4834,1292,1829,70,57,42,27,0,0,0.26727348,0.378361605,0.014480761,0.011791477,0.008688457,0.005585436,0,0
National,2019,11,4521,1051,1826,48,51,56,31,0,0,0.232470692,0.403892944,0.01061712,0.01128069,0.01238664,0.00685689,0,0
National,2019,12,3838,745,1402,27,75,50,19,0,0,0.194111516,0.365294424,0.007034914,0.019541428,0.013027619,0.004950495,0,0
National,2019,13,3010,472,1110,30,105,66,25,0,0,0.156810631,0.368770764,0.009966777,0.034883721,0.02192691,0.008305648,0,0
National,2019,14,2646,336,887,21,96,70,20,0,0,0.126984127,0.335222978,0.007936508,0.036281179,0.026455026,0.007558579,0,0
National,2019,15,2142,217,660,9,79,58,18,0,0,0.10130719,0.308123249,0.004201681,0.036881419,0.027077498,0.008403361,0,0
National,2019,16,1494,130,354,7,25,50,19,0,0,0.087014726,0.236947791,0.004685408,0.016733601,0.033467202,0.012717537,0,0
National,2019,17,1251,88,218,4,67,39,14,0,0,0.070343725,0.174260592,0.003197442,0.053557154,0.03117506,0.011191047,0,0
National,2019,18,1043,65,158,6,13,40,11,0,0,0.06232023,0.151486098,0.005752637,0.012464046,0.038350911,0.0105465,0,0
National,2019,19,847,45,94,14,22,41,9,0,0,0.053128689,0.110979929,0.016528926,0.025974026,0.048406139,0.010625738,0,0
National,2019,20,803,43,82,3,11,40,7,0,0,0.053549191,0.102117061,0.00373599,0.01369863,0.0498132,0.00871731,0,0
National,2019,21,553,29,67,4,3,27,3,0,0,0.05244123,0.121157324,0.007233273,0.005424955,0.048824593,0.005424955,0,0
National,2019,22,571,23,55,4,20,25,11,0,0,0.04028021,0.096322242,0.007005254,0.03502627,0.043782837,0.019264448,0,0
National,2019,23,502,25,54,4,19,32,1,0,0,0.049800797,0.107569721,0.007968127,0.037848606,0.06374502,0.001992032,0,0
National,2019,24,438,21,57,7,6,19,2,0,0,0.047945205,0.130136986,0.015981735,0.01369863,0.043378995,0.00456621,0,0
National,2019,25,394,19,52,2,9,13,0,0,0,0.04822335,0.131979695,0.005076142,0.02284264,0.032994924,0,0,0
National,2019,26,387,21,48,2,4,12,3,0,0,0.054263566,0.124031008,0.005167959,0.010335917,0.031007752,0.007751938,0,0
National,2019,27,363,29,41,3,3,13,1,0,0,0.079889807,0.112947658,0.008264463,0.008264463,0.035812672,0.002754821,0,0
National,2019,28,401,10,42,1,2,9,1,0,0,0.024937656,0.104738155,0.002493766,0.004987531,0.02244389,0.002493766,0,0
National,2019,29,323,12,55,4,1,10,0,0,0,0.037151703,0.170278638,0.012383901,0.003095975,0.030959752,0,0,0
National,2019,30,296,19,29,2,3,11,0,0,0,0.064189189,0.097972973,0.006756757,0.010135135,0.037162162,0,0,0
National,2019,31,336,14,30,2,1,10,2,0,0,0.041666667,0.089285714,0.005952381,0.00297619,0.029761905,0.005952381,0,0
National,2019,32,295,7,33,0,1,16,0,0,0,0.023728814,0.111864407,0,0.003389831,0.054237288,0,0,0
National,2019,33,344,20,34,3,0,38,0,0,0,0.058139535,0.098837209,0.00872093,0,0.110465116,0,0,0
National,2019,34,356,19,38,1,2,32,0,0,0,0.053370787,0.106741573,0.002808989,0.005617978,0.08988764,0,0,0
National,2019,35,371,14,34,4,6,29,0,0,0,0.037735849,0.091644205,0.010781671,0.016172507,0.078167116,0,0,0
National,2019,36,453,16,54,9,1,29,1,0,0,0.035320088,0.119205298,0.01986755,0.002207506,0.06401766,0.002207506,0,0
National,2019,37,595,12,69,14,2,44,2,0,0,0.020168067,0.115966387,0.023529412,0.003361345,0.07394958,0.003361345,0,0
National,2019,38,770,27,59,10,5,46,0,0,0,0.035064935,0.076623377,0.012987013,0.006493506,0.05974026,0,0,0
National,2019,39,798,18,60,18,7,49,0,0,0,0.022556391,0.07518797,0.022556391,0.00877193,0.061403509,0,0,0
National,2019,40,987,25,57,21,7,56,1,0,0,0.025329281,0.05775076,0.021276596,0.007092199,0.056737589,0.001013171,0,0
National,2019,41,1101,33,64,22,7,70,2,0,0,0.029972752,0.058128974,0.019981835,0.006357856,0.063578565,0.00181653,0,0
National,2019,42,1256,36,82,24,13,77,3,0,0,0.02866242,0.065286624,0.01910828,0.010350318,0.061305732,0.002388535,0,0
National,2019,43,1494,53,78,48,20,96,5,0,0,0.035475234,0.052208835,0.032128514,0.013386881,0.064257028,0.00334672,0,0
National,2019,44,1597,52,61,83,39,120,5,0,0,0.032561052,0.038196619,0.051972448,0.024420789,0.075140889,0.00313087,0,0
National,2019,45,2347,122,74,205,74,234,10,0,0,0.051981253,0.031529612,0.087345548,0.031529612,0.099701747,0.004260758,0,0
National,2019,46,2208,149,58,146,89,330,10,0,0,0.067481884,0.026268116,0.066123188,0.040307971,0.149456522,0.004528986,0,0
National,2019,47,2808,258,78,173,173,423,10,0,0,0.091880342,0.027777778,0.061609687,0.061609687,0.150641026,0.003561254,0,0
National,2019,48,2359,369,83,92,141,500,10,0,0,0.156422213,0.0351844,0.038999576,0.059771089,0.211954218,0.004239084,0,0
National,2019,49,3259,513,83,86,195,657,14,0,0,0.157410249,0.025467935,0.026388463,0.059834305,0.201595581,0.004295796,0,0
National,2019,50,3504,620,78,41,311,807,15,0,0,0.176940639,0.022260274,0.011700913,0.088755708,0.230308219,0.004280822,0,0
National,2019,51,4014,915,52,52,276,1110,16,0,0,0.227952167,0.012954659,0.012954659,0.068759342,0.276532138,0.003986049,0,0
National,2019,52,4214,1210,88,27,348,1326,24,0,0,0.287138111,0.020882772,0.006407214,0.08258187,0.314665401,0.005695301,0,0
National,2020,1,4240,1262,101,45,189,1275,23,0,0,0.297641509,0.023820755,0.010613208,0.044575472,0.300707547,0.005424528,0,0
National,2020,2,4531,1338,86,34,223,1145,20,0,0,0.295299051,0.018980358,0.007503862,0.049216508,0.252703597,0.004414037,0,0
National,2020,3,4932,1598,73,56,252,1244,12,0,0,0.324006488,0.014801298,0.01135442,0.051094891,0.252230333,0.00243309,0,0
National,2020,4,5000,1769,79,37,256,1137,8,0,0,0.3538,0.0158,0.0074,0.0512,0.2274,0.0016,0,0
National,2020,5,6124,2366,92,50,309,1073,8,0,0,0.386348792,0.015022861,0.008164598,0.050457218,0.17521228,0.001306336,0,0
National,2020,6,5665,2355,91,64,288,875,5,0,0,0.415710503,0.016063548,0.01129744,0.050838482,0.154457193,0.000882613,0,0
National,2020,7,5035,2052,65,129,280,744,10,0,0,0.40754717,0.012909633,0.025620655,0.055610725,0.147765641,0.001986097,0,0
National,2020,8,4344,1752,76,119,169,564,9,0,0,0.403314917,0.017495396,0.027394107,0.038904236,0.129834254,0.002071823,0,0
National,2020,9,3972,1667,63,50,141,454,8,0,0,0.419687815,0.015861027,0.012588117,0.035498489,0.114300101,0.002014099,0,0
National,2020,10,4156,1612,73,65,132,352,8,0,0,0.387872955,0.017564966,0.015640038,0.031761309,0.084696824,0.001924928,0,0
National,2020,11,3615,1138,74,52,93,197,3,0,0,0.314799447,0.020470263,0.014384509,0.025726141,0.054495159,0.000829876,0,0
National,2020,12,2865,444,30,23,50,77,1,0,0,0.154973822,0.010471204,0.008027923,0.017452007,0.026876091,0.00034904,0,0
National,2020,13,2150,100,7,8,34,20,2,0,0,0.046511628,0.003255814,0.00372093,0.015813953,0.009302326,0.000930233,0,0
National,2020,14,1479,37,1,4,7,5,0,0,0,0.025016903,0.000676133,0.00270453,0.004732928,0.003380663,0,0,0
National,2020,15,1024,28,0,3,4,0,0,0,0,0.02734375,0,0.002929688,0.00390625,0,0,0,0
National,2020,16,887,19,0,0,3,2,0,0,0,0.021420519,0,0,0.003382187,0.002254791,0,0,0
National,2020,17,826,26,0,0,4,0,0,0,0,0.031476998,0,0,0.004842615,0,0,0,0
National,2020,18,750,23,0,1,2,1,0,0,0,0.030666667,0,0.001333333,0.002666667,0.001333333,0,0,0
National,2020,19,661,26,1,0,2,0,0,0,0,0.039334342,0.001512859,0,0.003025719,0,0,0,0
National,2020,20,688,24,0,0,3,0,0,0,0,0.034883721,0,0,0.004360465,0,0,0,0
National,2020,21,555,0,0,1,0,0,0,0,0,0,0,0.001801802,0,0,0,0,0
National,2020,22,533,2,0,1,1,0,0,0,0,0.003752345,0,0.001876173,0.001876173,0,0,0,0
National,2020,23,362,0,0,0,2,0,0,0,0,0,0,0,0.005524862,0,0,0,0
National,2020,24,351,1,0,1,3,1,0,0,0,0.002849003,0,0.002849003,0.008547009,0.002849003,0,0,0
National,2020,25,401,0,0,0,0,0,0,0,0,0,0,0,0,0,0,0,0
National,2020,26,215,0,0,3,0,0,0,0,0,0,0,0.013953488,0,0,0,0,0
National,2020,27,201,0,0,0,0,0,0,1,0,0,0,0,0,0,0,0.004975124,0
National,2020,28,265,0,0,1,1,0,0,0,0,0,0,0.003773585,0.003773585,0,0,0,0
National,2020,29,258,0,0,0,0,0,0,0,0,0,0,0,0,0,0,0,0
National,2020,30,260,0,0,2,0,0,0,0,0,0,0,0.007692308,0,0,0,0,0
National,2020,31,209,0,0,0,0,0,0,0,0,0,0,0,0,0,0,0,0
National,2020,32,186,0,0,0,0,0,0,0,0,0,0,0,0,0,0,0,0
National,2020,33,133,0,0,0,1,0,0,0,0,0,0,0,0.007518797,0,0,0,0
National,2020,34,221,0,0,0,0,0,0,0,0,0,0,0,0,0,0,0,0
National,2020,35,2357,0,0,0,0,0,0,0,0,0,0,0,0,0,0,0,0
National,2020,36,2577,0,0,2,1,0,0,0,0,0,0,0.000776096,0.000388048,0,0,0,0
National,2020,37,159,0,1,0,0,0,0,0,0,0,0.006289308,0,0,0,0,0,0
National,2020,38,217,0,0,1,0,0,0,0,0,0,0,0.004608295,0,0,0,0,0
National,2020,39,2801,0,0,1,0,0,0,0,0,0,0,0.000357015,0,0,0,0,0
National,2020,40,11625,0,0,3,2,0,0,0,0,0,0,0.000258065,0.000172043,0,0,0,0
National,2020,41,12238,3,2,3,5,1,0,0,0,0.000245138,0.000163425,0.000245138,0.000408563,8.17127E-05,0,0,0
National,2020,42,11400,0,1,4,5,0,0,0,0,0,8.77193E-05,0.000350877,0.000438596,0,0,0,0
National,2020,43,15744,1,1,11,4,0,0,0,0,6.35163E-05,6.35163E-05,0.000698679,0.000254065,0,0,0,0
National,2020,44,20424,0,1,7,13,1,2,0,0,0,4.8962E-05,0.000342734,0.000636506,4.8962E-05,9.7924E-05,0,0
National,2020,45,26500,0,1,6,9,0,0,0,0,0,3.77358E-05,0.000226415,0.000339623,0,0,0,0
National,2020,46,25765,3,4,6,5,0,1,0,0,0.000116437,0.000155249,0.000232874,0.000194062,0,3.88123E-05,0,0
National,2020,47,19256,0,3,0,2,0,2,0,0,0,0.000155796,0,0.000103864,0,0.000103864,0,0
National,2020,48,11230,2,0,6,2,1,0,0,0,0.000178094,0,0.000534283,0.000178094,8.90472E-05,0,0,0
National,2020,49,17684,0,0,5,4,2,3,0,0,0,0,0.000282741,0.000226193,0.000113097,0.000169645,0,0
National,2020,50,16500,3,3,8,1,2,0,0,0,0.000181818,0.000181818,0.000484848,6.06061E-05,0.000121212,0,0,0
National,2020,51,15179,0,0,5,4,0,0,0,0,0,0,0.000329402,0.000263522,0,0,0,0
National,2020,52,12475,0,0,2,2,0,0,0,0,0,0,0.000160321,0.000160321,0,0,0,0
National,2020,53,11282,1,2,6,3,0,0,0,0,8.86368E-05,0.000177274,0.000531821,0.00026591,0,0,0,0
National,2021,1,17564,0,2,6,3,1,0,0,0,0,0.000113869,0.000341608,0.000170804,5.69346E-05,0,0,0
National,2021,2,15700,0,1,4,3,1,0,1,0,0,6.36943E-05,0.000254777,0.000191083,6.36943E-05,0,6.36943E-05,0
National,2021,3,13900,0,1,2,1,0,0,0,0,0,7.19424E-05,0.000143885,7.19424E-05,0,0,0,0
National,2021,4,13218,1,0,2,1,0,0,0,0,7.56544E-05,0,0.000151309,7.56544E-05,0,0,0,0
National,2021,5,16294,0,0,4,3,0,0,0,0,0,0,0.000245489,0.000184117,0,0,0,0
National,2021,6,17146,0,0,2,1,1,0,0,0,0,0,0.000116645,5.83226E-05,5.83226E-05,0,0,0
National,2021,7,13415,0,0,3,1,0,1,0,0,0,0,0.00022363,7.45434E-05,0,7.45434E-05,0,0
National,2021,8,16609,1,1,1,5,0,0,0,0,6.02083E-05,6.02083E-05,6.02083E-05,0.000301042,0,0,0,0
National,2021,9,14811,0,0,2,0,0,0,0,0,0,0,0.000135035,0,0,0,0,0
National,2021,10,16938,1,0,1,1,1,0,0,0,5.90388E-05,0,5.90388E-05,5.90388E-05,5.90388E-05,0,0,0
National,2021,11,14622,0,1,4,2,0,0,0,0,0,6.83901E-05,0.00027356,0.00013678,0,0,0,0
National,2021,12,14940,0,0,1,0,0,0,0,0,0,0,6.69344E-05,0,0,0,0,0
National,2021,13,13875,0,0,5,1,0,0,0,0,0,0,0.00036036,7.20721E-05,0,0,0,0
National,2021,14,14151,1,0,0,0,0,0,0,0,7.06664E-05,0,0,0,0,0,0,0
National,2021,15,15543,1,1,3,2,0,0,0,0,6.43376E-05,6.43376E-05,0.000193013,0.000128675,0,0,0,0
National,2021,16,12397,0,0,0,1,0,0,0,0,0,0,0,8.06647E-05,0,0,0,0
National,2021,17,12801,0,0,1,0,0,0,0,0,0,0,7.81189E-05,0,0,0,0,0
National,2021,18,10803,0,0,0,0,1,0,0,0,0,0,0,0,9.25669E-05,0,0,0
National,2021,19,9396,0,0,0,0,0,0,0,0,0,0,0,0,0,0,0,0
National,2021,20,10065,0,0,1,0,5,0,0,0,0,0,9.93542E-05,0,0.000496771,0,0,0
National,2021,21,8870,0,0,0,0,0,0,0,0,0,0,0,0,0,0,0,0
National,2021,22,6798,1,0,2,1,0,0,0,0,0.000147102,0,0.000294204,0.000147102,0,0,0,0
National,2021,23,5627,0,0,2,0,0,0,0,0,0,0,0.000355429,0,0,0,0,0
National,2021,24,5571,0,1,0,0,0,0,0,0,0,0.000179501,0,0,0,0,0,0
National,2021,25,6290,1,0,0,0,1,0,0,0,0.000158983,0,0,0,0.000158983,0,0,0
National,2021,26,7281,0,0,1,0,0,0,0,0,0,0,0.000137344,0,0,0,0,0
National,2021,27,6687,1,1,2,1,0,0,0,0,0.000149544,0.000149544,0.000299088,0.000149544,0,0,0,0
National,2021,28,8934,0,3,3,1,1,0,0,0,0,0.000335796,0.000335796,0.000111932,0.000111932,0,0,0
National,2021,29,8550,0,2,0,0,0,0,0,0,0,0.000233918,0,0,0,0,0,0
National,2021,30,9265,1,1,1,0,0,0,0,0,0.000107933,0.000107933,0.000107933,0,0,0,0,0
National,2021,31,13519,0,2,3,0,0,0,0,0,0,0.00014794,0.00022191,0,0,0,0,0
National,2021,32,16102,0,1,2,0,0,0,1,0,0,6.21041E-05,0.000124208,0,0,0,6.21041E-05,0
National,2021,33,21728,0,3,2,1,0,0,0,0,0,0.000138071,9.20471E-05,4.60236E-05,0,0,0,0
National,2021,34,24120,1,0,5,3,0,0,0,0,4.14594E-05,0,0.000207297,0.000124378,0,0,0,0
National,2021,35,24979,1,0,2,1,1,0,0,0,4.00336E-05,0,8.00673E-05,4.00336E-05,4.00336E-05,0,0,0
National,2021,36,20964,0,0,6,1,0,0,0,0,0,0,0.000286205,4.77008E-05,0,0,0,0
National,2021,37,21209,1,6,3,0,4,0,0,0,4.71498E-05,0.000282899,0.000141449,0,0.000188599,0,0,0
National,2021,38,19881,3,22,6,0,0,0,0,0,0.000150898,0.001106584,0.000301796,0,0,0,0,0
National,2021,39,18072,0,38,2,1,1,1,0,0,0,0.0021027,0.000110668,5.53342E-05,5.53342E-05,5.53342E-05,0,0
National,2021,40,19717,1,86,5,4,3,0,0,0,5.07177E-05,0.004361718,0.000253588,0.000202871,0.000152153,0,0,0
National,2021,41,19250,0,93,2,8,2,0,1,0,0,0.004831169,0.000103896,0.000415584,0.000103896,0,5.19481E-05,0
National,2021,42,24794,0,52,3,4,3,0,0,0,0,0.002097282,0.000120997,0.000161329,0.000120997,0,0,0
National,2021,43,24959,0,50,7,3,8,0,0,0,0,0.002003285,0.00028046,0.000120197,0.000320526,0,0,0
National,2021,44,24215,0,183,11,1,4,0,0,0,0,0.007557299,0.000454264,4.12967E-05,0.000165187,0,0,0
National,2021,45,23094,0,213,48,3,1,0,0,0,0,0.009223175,0.002078462,0.000129904,4.33013E-05,0,0,0
National,2021,46,23971,2,452,77,5,4,1,0,0,8.34341E-05,0.018856118,0.003212215,0.000208585,0.000166868,4.17171E-05,0,0
National,2021,47,16622,1,526,60,4,2,0,0,0,6.01612E-05,0.031644808,0.003609674,0.000240645,0.000120322,0,0,0
National,2021,48,25542,1,836,136,4,3,0,0,0,3.91512E-05,0.032730405,0.005324563,0.000156605,0.000117454,0,0,0
National,2021,49,29962,0,952,241,1,2,0,0,0,0,0.03177358,0.008043522,3.33756E-05,6.67512E-05,0,0,0
National,2021,50,32805,0,1097,316,4,0,0,0,0,0,0.033440024,0.009632678,0.000121933,0,0,0,0
National,2021,51,33188,0,1022,287,3,0,0,0,0,0,0.030794263,0.008647704,9.03941E-05,0,0,0,0
National,2021,52,43706,0,1016,506,6,0,0,0,0,0,0.023246236,0.011577358,0.000137281,0,0,0,0
National,2022,1,66341,0,814,344,8,0,0,0,0,0,0.012269939,0.00518533,0.000120589,0,0,0,0
National,2022,2,66684,0,635,393,2,0,0,0,0,0,0.009522524,0.005893468,2.99922E-05,0,0,0,0
National,2022,3,49917,0,529,202,1,0,0,0,0,0,0.010597592,0.004046718,2.00333E-05,0,0,0,0
National,2022,4,40883,0,403,189,5,2,0,0,0,0,0.009857398,0.004622948,0.0001223,4.89201E-05,0,0,0
National,2022,5,27696,0,387,121,3,1,0,0,0,0,0.013973137,0.004368862,0.000108319,3.61063E-05,0,0,0
National,2022,6,26692,0,488,147,2,0,0,0,0,0,0.018282632,0.005507268,7.49288E-05,0,0,0,0
National,2022,7,22867,1,408,162,1,1,0,0,0,4.37311E-05,0.017842306,0.007084445,4.37311E-05,4.37311E-05,0,0,0
National,2022,8,18155,0,371,128,2,0,0,0,0,0,0.020435142,0.007050399,0.000110162,0,0,0,0
National,2022,9,17681,1,476,135,2,1,0,0,0,5.65579E-05,0.026921554,0.007635315,0.000113116,5.65579E-05,0,0,0
National,2022,10,15973,0,489,109,0,1,0,0,0,0,0.030614161,0.006824016,0,6.26056E-05,0,0,0
National,2022,11,13891,3,474,131,0,0,0,0,0,0.000215967,0.034122813,0.009430567,0,0,0,0,0
National,2022,12,14380,0,603,98,1,0,0,0,0,0,0.041933241,0.006815021,6.9541E-05,0,0,0,0
National,2022,13,13833,0,666,114,1,1,0,0,0,0,0.048145738,0.008241162,7.22909E-05,7.22909E-05,0,0,0
National,2022,14,13517,0,615,96,1,1,0,0,0,0,0.045498261,0.007102168,7.39809E-05,7.39809E-05,0,0,0
National,2022,15,13937,0,689,119,4,0,0,0,0,0,0.049436751,0.008538423,0.000287006,0,0,0,0
National,2022,16,14154,3,703,125,3,0,0,0,0,0.000211954,0.049667938,0.008831426,0.000211954,0,0,0,0
National,2022,17,14784,3,696,99,1,0,0,0,0,0.000202922,0.047077922,0.006696429,6.76407E-05,0,0,0,0
National,2022,18,15465,3,741,92,1,0,0,0,0,0.000193986,0.047914646,0.005948917,6.46621E-05,0,0,0,0
National,2022,19,15407,1,647,170,3,0,0,0,0,6.49056E-05,0.041993899,0.011033946,0.000194717,0,0,0,0
National,2022,20,15694,4,623,149,1,0,0,0,0,0.000254874,0.039696699,0.009494074,6.37186E-05,0,0,0,0
National,2022,21,15103,1,512,114,1,0,0,0,0,6.6212E-05,0.03390055,0.007548169,6.6212E-05,0,0,0,0
National,2022,22,14157,1,472,101,1,0,0,0,0,7.06364E-05,0.033340397,0.00713428,7.06364E-05,0,0,0,0
National,2022,23,15100,0,349,75,2,0,0,0,0,0,0.023112583,0.004966887,0.00013245,0,0,0,0
National,2022,24,15901,0,307,46,3,0,0,0,0,0,0.019306962,0.0028929,0.000188667,0,0,0,0
National,2022,25,17089,0,168,29,1,0,0,0,0,0,0.009830885,0.001696998,5.85172E-05,0,0,0,0
National,2022,26,19211,1,76,25,1,0,0,0,0,5.20535E-05,0.003956067,0.001301338,5.20535E-05,0,0,0,0
National,2022,27,18863,0,85,12,1,0,0,0,0,0,0.004506176,0.000636166,5.30138E-05,0,0,0,0
National,2022,28,20102,0,115,11,1,0,0,0,0,0,0.005720824,0.000547209,4.97463E-05,0,0,0,0
National,2022,29,21097,1,42,9,4,0,0,0,0,4.74001E-05,0.001990804,0.000426601,0.0001896,0,0,0,0
National,2022,30,21459,0,31,15,3,0,0,0,0,0,0.001444615,0.000699007,0.000139801,0,0,0,0
National,2022,31,18775,2,40,16,2,0,0,3,0,0.000106525,0.002130493,0.000852197,0.000106525,0,0,0.000159787,0
National,2022,32,15390,1,84,7,2,0,0,0,0,6.49773E-05,0.00545809,0.000454841,0.000129955,0,0,0,0
National,2022,33,20736,6,67,7,1,1,0,0,0,0.000289352,0.003231096,0.000337577,4.82253E-05,4.82253E-05,0,0,0
National,2022,34,18609,11,77,7,0,2,0,0,0,0.000591112,0.004137783,0.000376162,0,0.000107475,0,0,0
National,2022,35,16469,8,71,8,3,1,0,0,0,0.000485761,0.00431113,0.000485761,0.00018216,6.07201E-05,0,0,0
National,2022,36,11581,8,72,11,0,0,0,1,0,0.000690787,0.00621708,0.000949832,0,0,0,8.63483E-05,0
National,2022,37,11629,5,68,8,5,0,0,0,0,0.00042996,0.00584745,0.000687935,0.00042996,0,0,0,0
National,2022,38,11300,17,110,10,7,3,0,0,0,0.001504425,0.009734513,0.000884956,0.000619469,0.000265487,0,0,0
National,2022,39,9961,25,112,18,3,1,0,0,0,0.002509788,0.011243851,0.001807047,0.000301175,0.000100392,0,0,0
National,2022,40,9129,39,239,19,3,5,0,0,0,0.0042721,0.026180305,0.002081279,0.000328623,0.000547705,0,0,0
National,2022,41,8523,66,364,23,3,5,0,0,0,0.007743752,0.042707967,0.00269858,0.000351989,0.000586648,0,0,0
National,2022,42,9405,114,449,33,4,6,0,1,0,0.012121212,0.047740564,0.003508772,0.000425306,0.000637959,0,0.000106326,0
National,2022,43,9449,230,706,51,2,3,0,0,0,0.0243412,0.074716901,0.005397397,0.000211663,0.000317494,0,0,0
National,2022,44,10311,316,917,175,4,5,0,0,0,0.030646882,0.088934148,0.016972166,0.000387935,0.000484919,0,0,0
National,2022,45,9508,323,1195,192,1,2,0,0,0,0.033971393,0.125683635,0.020193521,0.000105175,0.000210349,0,0,0
National,2022,46,11458,443,1557,339,4,2,0,0,0,0.038662943,0.135887589,0.029586315,0.000349101,0.000174551,0,0,0
National,2022,47,9795,461,1844,365,1,2,0,0,0,0.047064829,0.188259316,0.03726391,0.000102093,0.000204186,0,0,0
National,2022,48,12408,646,2086,661,1,3,0,0,0,0.052063185,0.168117344,0.053272083,8.05932E-05,0.000241779,0,0,0
National,2022,49,11813,548,2013,585,2,4,0,0,0,0.046389571,0.170405485,0.049521713,0.000169305,0.00033861,0,0,0
National,2022,50,11451,535,1729,549,1,4,0,0,0,0.04672081,0.15099118,0.047943411,8.73286E-05,0.000349314,0,0,0
National,2022,51,9465,456,1199,480,3,6,0,0,0,0.048177496,0.126677232,0.050713154,0.000316957,0.000633914,0,0,0
National,2022,52,8105,443,850,263,0,7,0,0,0,0.054657619,0.104873535,0.032449105,0,0.000863664,0,0,0
National,2023,1,8704,398,822,227,2,12,0,0,0,0.045726103,0.094439338,0.026079963,0.000229779,0.001378676,0,0,0
National,2023,2,8314,223,527,96,1,13,0,0,0,0.026822228,0.063387058,0.011546789,0.000120279,0.001563628,0,0,0
National,2023,3,7494,210,324,66,4,12,0,0,0,0.028022418,0.043234588,0.008807046,0.00053376,0.001601281,0,0,0
National,2023,4,6773,123,165,40,0,10,0,0,0,0.018160343,0.024361435,0.005905802,0,0.001476451,0,0,0
National,2023,5,6156,121,118,24,2,18,0,0,0,0.019655621,0.019168291,0.003898635,0.000324886,0.002923977,0,0,0
National,2023,6,7288,131,115,26,6,21,0,0,0,0.017974753,0.015779363,0.003567508,0.000823271,0.002881449,0,0,0
National,2023,7,7334,85,69,18,3,26,0,0,0,0.011589855,0.009408236,0.002454322,0.000409054,0.003545132,0,0,0
National,2023,8,6673,61,60,17,4,14,0,0,0,0.009141316,0.008991458,0.00254758,0.000599431,0.002098007,0,0,0
National,2023,9,7123,75,53,13,8,28,0,0,0,0.010529271,0.007440685,0.001825074,0.001123122,0.003930928,0,0,0
National,2023,10,6906,75,44,15,10,21,0,0,0,0.010860122,0.006371271,0.002172024,0.001448016,0.003040834,0,0,0
National,2023,11,6185,59,28,8,9,25,0,0,0,0.009539208,0.004527082,0.001293452,0.001455133,0.004042037,0,0,0
National,2023,12,6178,60,38,11,15,34,0,0,0,0.009711881,0.006150858,0.001780511,0.00242797,0.005503399,0,0,0
National,2023,13,5096,57,17,16,10,41,0,0,0,0.011185243,0.00333595,0.003139717,0.001962323,0.008045526,0,0,0
National,2023,14,5036,65,19,11,14,37,0,0,0,0.012907069,0.003772836,0.002184273,0.002779984,0.007347101,0,0,0
National,2023,15,4982,47,6,9,11,38,0,0,0,0.009433962,0.001204336,0.001806503,0.002207949,0.007627459,0,0,0
National,2023,16,4133,33,12,2,17,46,0,0,0,0.007984515,0.00290346,0.00048391,0.004113235,0.01112993,0,0,0
National,2023,17,4106,43,18,2,12,50,0,0,0,0.010472479,0.004383829,0.000487092,0.002922552,0.012177302,0,0,0
National,2023,18,3965,41,9,2,11,54,0,0,0,0.010340479,0.002269861,0.000504414,0.002774275,0.013619168,0,0,0
National,2023,19,3630,50,4,2,9,68,0,0,0,0.013774105,0.001101928,0.000550964,0.002479339,0.018732782,0,0,0
National,2023,20,3252,46,10,3,10,61,0,0,0,0.014145141,0.003075031,0.000922509,0.003075031,0.018757688,0,0,0
National,2023,21,2971,43,3,5,15,44,0,0,0,0.014473241,0.001009761,0.001682935,0.005048805,0.014809828,0,0,0
National,2023,22,2480,57,1,5,11,39,0,0,0,0.022983871,0.000403226,0.002016129,0.004435484,0.015725806,0,0,0
National,2023,23,2696,67,5,3,13,58,0,0,0,0.024851632,0.001854599,0.00111276,0.004821958,0.021513353,0,0,0
National,2023,24,2280,62,3,7,8,42,0,0,0,0.027192982,0.001315789,0.003070175,0.003508772,0.018421053,0,0,0
National,2023,25,2351,68,5,4,6,36,0,0,0,0.028923862,0.002126755,0.001701404,0.002552105,0.015312633,0,0,0
National,2023,26,2417,64,17,5,3,54,0,0,0,0.026479106,0.007033513,0.00206868,0.001241208,0.022341746,0,0,0
National,2023,27,1828,61,1,4,4,33,0,0,0,0.033369803,0.000547046,0.002188184,0.002188184,0.018052516,0,0,0
National,2023,28,2174,59,4,6,1,27,0,0,0,0.027138914,0.001839926,0.00275989,0.000459982,0.012419503,0,0,0
National,2023,29,2112,67,7,1,2,16,0,1,0,0.031723485,0.003314394,0.000473485,0.00094697,0.007575758,0,0.000473485,0
National,2023,30,1672,48,5,1,1,29,0,0,0,0.028708134,0.002990431,0.000598086,0.000598086,0.017344498,0,0,0
National,2023,31,1476,74,6,6,1,25,0,0,0,0.050135501,0.004065041,0.004065041,0.000677507,0.016937669,0,0,0
National,2023,32,1963,45,5,8,3,32,0,0,0,0.022924096,0.002547122,0.004075395,0.001528273,0.016301579,0,0,0
National,2023,33,1878,54,13,6,1,21,0,0,0,0.028753994,0.006922258,0.003194888,0.000532481,0.011182109,0,0,0
National,2023,34,1946,59,11,4,9,24,0,0,0,0.030318602,0.005652621,0.002055498,0.004624872,0.012332991,0,0,0
National,2023,35,2046,58,10,9,3,12,0,0,0,0.028347996,0.004887586,0.004398827,0.001466276,0.005865103,0,0,0
National,2023,36,2401,65,8,19,6,22,0,0,0,0.027072053,0.003331945,0.007913369,0.002498959,0.009162849,0,0,0
National,2023,37,3316,59,15,8,1,22,0,0,0,0.017792521,0.004523522,0.002412545,0.000301568,0.006634499,0,0,0
National,2023,38,3221,91,10,6,1,35,0,0,0,0.028252096,0.003104626,0.001862776,0.000310463,0.010866191,0,0,0
National,2023,39,3115,122,10,7,6,24,0,0,0,0.039165329,0.003210273,0.002247191,0.001926164,0.007704655,0,0,0
National,2023,40,3064,176,16,10,3,48,0,0,0,0.057441253,0.005221932,0.003263708,0.000979112,0.015665796,0,0,0
National,2023,41,3067,213,22,12,5,68,0,0,0,0.069448973,0.007173133,0.003912618,0.001630258,0.022171503,0,0,0
National,2023,42,3416,276,26,34,12,73,0,0,0,0.080796253,0.007611241,0.009953162,0.003512881,0.021370023,0,0,0
National,2023,43,2934,240,36,48,14,68,0,0,0,0.081799591,0.012269939,0.016359918,0.004771643,0.023176551,0,0,0
National,2023,44,3172,292,41,63,13,90,0,0,0,0.092055485,0.012925599,0.019861286,0.004098361,0.028373266,0,0,0
National,2023,45,3303,483,62,111,29,135,0,0,0,0.146230699,0.018770814,0.033605813,0.008779897,0.040871935,0,0,0
National,2023,46,3897,489,103,149,43,143,0,0,0,0.125481139,0.026430588,0.038234539,0.011034129,0.036694894,0,0,0
National,2023,47,3032,583,124,141,27,141,0,0,0,0.192282322,0.040897098,0.046503958,0.008905013,0.046503958,0,0,0
National,2023,48,4221,711,176,174,24,219,0,0,0,0.168443497,0.041696281,0.041222459,0.005685856,0.05188344,0,0,0
National,2023,49,4519,972,272,245,52,262,0,0,0,0.215091834,0.060190308,0.054215534,0.011506971,0.057977429,0,0,0
National,2023,50,5001,1017,288,400,82,303,0,0,0,0.203359328,0.057588482,0.079984003,0.016396721,0.060587882,0,0,0
National,2023,51,5079,1242,330,277,39,286,0,0,0,0.244536326,0.06497342,0.054538295,0.007678677,0.056310297,0,0,0
National,2023,52,4499,1229,303,249,21,245,0,0,0,0.273171816,0.0673483,0.055345632,0.004667704,0.054456546,0,0,0
National,2024,1,4878,1134,338,231,59,317,0,0,0,0.232472325,0.069290693,0.047355474,0.012095121,0.06498565,0,0,0
National,2024,2,5104,945,346,242,60,258,0,0,0,0.185148903,0.067789969,0.047413793,0.011755486,0.050548589,0,0,0
National,2024,3,3798,794,302,163,46,209,0,0,0,0.209057399,0.079515534,0.042917325,0.012111638,0.055028963,0,0,0
National,2024,4,4305,765,393,190,57,290,0,0,0,0.177700348,0.091289199,0.044134727,0.013240418,0.067363531,0,0,0
National,2024,5,4136,692,394,138,58,387,0,0,0,0.167311412,0.095261122,0.033365571,0.014023211,0.093568665,0,0,0
National,2024,6,4024,607,434,172,61,433,0,0,0,0.15084493,0.107852883,0.042743539,0.015159046,0.107604374,0,0,0
National,2024,7,4208,518,438,150,57,441,0,0,0,0.123098859,0.104087452,0.035646388,0.013545627,0.10480038,0,0,0
National,2024,8,4023,488,442,172,63,483,0,0,0,0.121302511,0.109868258,0.042754164,0.015659955,0.120059657,0,0,0
National,2024,9,4066,475,397,139,49,447,0,0,0,0.11682243,0.097638957,0.034185932,0.012051156,0.109936055,0,0,0
National,2024,10,3764,371,419,122,39,472,0,0,0,0.098565356,0.111317747,0.032412327,0.010361318,0.125398512,0,0,0
National,2024,11,3192,287,351,95,33,397,0,0,0,0.089912281,0.109962406,0.029761905,0.010338346,0.124373434,0,0,0
National,2024,12,2888,249,322,82,34,316,0,0,0,0.086218837,0.111495845,0.028393352,0.011772853,0.109418283,0,0,0
National,2024,13,2808,220,284,65,30,266,0,0,0,0.078347578,0.101139601,0.023148148,0.010683761,0.094729345,0,0,0
National,2024,14,2082,180,295,43,31,253,0,0,0,0.086455331,0.141690682,0.020653218,0.014889529,0.121517771,0,0,0
National,2024,15,1895,181,271,37,15,252,0,0,0,0.095514512,0.143007916,0.019525066,0.007915567,0.13298153,0,0,0
National,2024,16,1663,132,219,36,19,177,0,0,0,0.079374624,0.131689717,0.021647625,0.011425135,0.106434155,0,0,0
National,2024,17,1484,100,150,27,18,134,0,0,0,0.067385445,0.101078167,0.01819407,0.01212938,0.090296496,0,0,0
National,2024,18,1271,104,139,19,15,97,0,0,0,0.081825334,0.109362707,0.014948859,0.011801731,0.07631786,0,0,0
National,2024,19,1272,64,104,16,15,84,0,0,0,0.050314465,0.081761006,0.012578616,0.011792453,0.066037736,0,0,0
National,2024,20,1034,54,88,15,2,47,0,0,0,0.052224371,0.085106383,0.01450677,0.001934236,0.045454545,0,0,0
National,2024,21,1096,53,118,13,2,36,0,0,1,0.048357664,0.107664234,0.011861314,0.001824818,0.032846715,0,0,0.000912409
National,2024,22,1137,59,104,11,6,57,0,0,0,0.051890941,0.091468777,0.009674582,0.005277045,0.050131926,0,0,0
National,2024,23,1125,63,128,7,3,48,0,0,0,0.056,0.113777778,0.006222222,0.002666667,0.042666667,0,0,0
National,2024,24,1287,84,128,11,2,46,0,0,0,0.065268065,0.099456099,0.008547009,0.001554002,0.035742036,0,0,0
National,2024,25,1175,76,125,16,5,29,0,0,0,0.064680851,0.106382979,0.013617021,0.004255319,0.024680851,0,0,0
National,2024,26,1622,90,162,14,1,30,0,0,0,0.055487053,0.099876695,0.008631319,0.000616523,0.018495684,0,0,0
National,2024,27,1280,72,149,22,1,12,0,0,0,0.05625,0.11640625,0.0171875,0.00078125,0.009375,0,0,0
National,2024,28,1639,88,137,17,1,10,0,1,8,0.053691275,0.083587553,0.010372178,0.000610128,0.006101281,0,0.000610128,0.004881025
National,2024,29,1454,61,97,13,1,9,0,0,2,0.041953232,0.066712517,0.008940853,0.000687758,0.006189821,0,0,0.001375516
National,2024,30,1446,53,111,6,0,12,0,0,1,0.036652835,0.076763485,0.004149378,0,0.008298755,0,0,0.000691563
National,2024,31,1400,75,93,8,1,3,0,0,0,0.053571429,0.066428571,0.005714286,0.000714286,0.002142857,0,0,0
National,2024,32,1486,89,103,9,0,5,0,0,0,0.059892328,0.069313594,0.006056528,0,0.003364738,0,0,0
National,2024,33,1510,80,81,3,0,2,0,0,0,0.052980132,0.053642384,0.001986755,0,0.001324503,0,0,0
National,2024,34,1460,64,73,7,0,5,0,0,1,0.043835616,0.05,0.004794521,0,0.003424658,0,0,0.000684932
National,2024,35,1328,70,110,4,0,4,0,0,0,0.052710843,0.082831325,0.003012048,0,0.003012048,0,0,0
National,2024,36,1378,72,72,6,0,4,0,2,0,0.052249637,0.052249637,0.004354136,0,0.002902758,0,0.001451379,0
National,2024,37,1489,85,75,6,1,5,0,0,0,0.057085292,0.050369375,0.00402955,0.000671592,0.003357958,0,0,0
National,2024,38,1513,109,94,16,0,3,0,0,0,0.0720423,0.062128222,0.010575017,0,0.001982816,0,0,0
National,2024,39,1345,104,96,14,1,7,0,0,0,0.07732342,0.071375465,0.010408922,0.000743494,0.005204461,0,0,0
National,2024,40,1495,104,95,27,0,5,0,0,4,0.069565217,0.063545151,0.018060201,0,0.003344482,0,0,0.002675585
National,2024,41,1455,77,92,32,0,5,0,0,16,0.052920962,0.063230241,0.021993127,0,0.003436426,0,0,0.010996564
National,2024,42,1404,106,95,20,0,18,0,0,13,0.075498575,0.067663818,0.014245014,0,0.012820513,0,0,0.009259259
National,2024,43,1984,166,140,21,4,12,0,0,10,0.083669355,0.070564516,0.010584677,0.002016129,0.006048387,0,0,0.005040323
National,2024,44,1745,174,204,32,6,19,0,0,4,0.099713467,0.116905444,0.018338109,0.003438395,0.010888252,0,0,0.002292264
National,2024,45,1835,208,259,40,8,18,0,0,4,0.113351499,0.141144414,0.021798365,0.004359673,0.009809264,0,0,0.002179837
National,2024,46,1896,217,350,52,14,21,0,0,5,0.114451477,0.184599156,0.02742616,0.007383966,0.011075949,0,0,0.002637131
National,2024,47,2354,335,423,57,24,38,0,0,4,0.14231096,0.179694138,0.024214104,0.010195412,0.016142736,0,0,0.001699235
National,2024,48,2009,377,508,38,17,19,0,0,7,0.18765555,0.25286212,0.018914883,0.008461921,0.009457442,0,0,0.003484321
National,2024,49,3013,599,887,80,26,38,0,0,3,0.198805178,0.294390972,0.02655161,0.008629273,0.012612015,0,0,0.000995685
National,2024,50,4063,1013,1339,156,34,55,0,0,5,0.24932316,0.329559439,0.038395274,0.008368201,0.013536795,0,0,0.001230618
National,2024,51,5517,1459,2154,280,29,38,0,0,1,0.26445532,0.390429581,0.05075222,0.00525648,0.006887801,0,0,0.000181258
National,2024,52,6246,1872,2524,494,43,33,0,0,0,0.299711816,0.404098623,0.079090618,0.006884406,0.005283381,0,0,0
National,2025,1,7593,2249,2830,777,56,42,0,0,0,0.296193863,0.372711708,0.102331094,0.007375214,0.005531411,0,0,0
National,2025,2,7030,1915,2497,622,43,45,0,0,1,0.272403983,0.355192034,0.088477952,0.006116643,0.006401138,0,0,0.000142248
National,2025,3,8329,2455,2681,972,59,67,0,0,0,0.294753272,0.321887381,0.116700684,0.007083684,0.008044183,0,0,0
National,2025,4,9567,3257,3151,1183,84,48,0,0,0,0.3404411,0.329361346,0.123654228,0.008780182,0.005017247,0,0,0
National,2025,5,13017,4425,3877,1999,123,112,0,0,0,0.339940078,0.297841284,0.153568411,0.009449182,0.008604133,0,0,0
National,2025,6,12111,4250,3320,1810,160,80,0,0,1,0.350920651,0.274130955,0.149450912,0.01321113,0.006605565,0,0,8.25696E-05
National,2025,7,10274,3855,2949,925,157,87,0,0,1,0.375218999,0.287035235,0.090033093,0.015281293,0.008467977,0,0,9.73331E-05
National,2025,8,7720,3105,1963,480,120,125,0,0,0,0.402202073,0.254274611,0.062176166,0.015544041,0.01619171,0,0,0
National,2025,9,7328,2690,1871,529,128,105,0,0,0,0.367085153,0.255322052,0.072188865,0.017467249,0.014328603,0,0,0
National,2025,10,6056,2212,1373,512,133,156,0,0,0,0.365257596,0.226717305,0.084544254,0.021961691,0.025759577,0,0,0
National,2025,11,5402,1912,1174,541,177,168,0,0,0,0.353942984,0.217326916,0.100148093,0.032765642,0.031099593,0,0,0
National,2025,12,4711,1588,1090,327,153,163,0,0,0,0.337083422,0.231373381,0.069412014,0.032477181,0.034599873,0,0,0
National,2025,13,3132,926,527,142,137,155,0,0,0,0.295657727,0.168263091,0.045338442,0.043742018,0.049489144,0,0,0
National,2025,14,2854,837,492,81,167,194,0,0,0,0.2932726,0.172389629,0.028381219,0.058514366,0.067974772,0,0,0
National,2025,15,2221,506,236,56,163,231,0,0,0,0.227825304,0.106258442,0.025213868,0.073390365,0.104007204,0,0,0
National,2025,16,1791,366,158,45,162,195,0,0,0,0.204355109,0.088218872,0.025125628,0.090452261,0.108877722,0,0,0
National,2025,17,2098,490,313,45,142,206,0,0,0,0.233555767,0.149189704,0.021448999,0.067683508,0.098188751,0,0,0
National,2025,18,1668,274,198,27,120,210,0,0,0,0.164268585,0.118705036,0.01618705,0.071942446,0.125899281,0,0,0
National,2025,19,1513,329,159,11,87,205,0,0,0,0.217448777,0.105089227,0.007270324,0.057501652,0.135492399,0,0,0
National,2025,20,1032,160,38,11,53,109,0,0,0,0.15503876,0.036821705,0.010658915,0.051356589,0.105620155,0,0,0
National,2025,21,853,92,36,14,27,68,0,0,0,0.107854631,0.042203986,0.016412661,0.031652989,0.07971864,0,0,0
National,2025,22,846,115,25,14,33,67,0,0,0,0.135933806,0.029550827,0.016548463,0.039007092,0.079196217,0,0,0
National,2025,23,897,122,15,13,33,53,0,0,0,0.136008919,0.016722408,0.014492754,0.036789298,0.059085842,0,0,0
National,2025,24,750,91,13,9,15,37,0,0,0,0.121333333,0.017333333,0.012,0.02,0.049333333,0,0,0
National,2025,25,690,62,11,5,11,31,0,0,0,0.089855072,0.015942029,0.007246377,0.015942029,0.044927536,0,0,0
National,2025,26,670,96,5,2,14,21,0,0,0,0.143283582,0.007462687,0.002985075,0.020895522,0.031343284,0,0,0
National,2025,27,619,58,12,1,5,12,0,0,0,0.093699515,0.019386107,0.001615509,0.008077544,0.019386107,0,0,0
National,2025,28,804,54,12,2,1,11,0,0,0,0.067164179,0.014925373,0.002487562,0.001243781,0.013681592,0,0,0
National,2025,29,655,61,3,1,3,11,0,0,0,0.093129771,0.004580153,0.001526718,0.004580153,0.016793893,0,0,0
National,2025,30,582,52,26,4,1,14,0,0,0,0.089347079,0.04467354,0.006872852,0.001718213,0.024054983,0,0,0
National,2025,31,663,54,14,1,2,7,0,0,0,0.081447964,0.021116139,0.001508296,0.003016591,0.010558069,0,0,0
National,2025,32,664,39,15,1,2,2,0,0,0,0.05873494,0.022590361,0.001506024,0.003012048,0.003012048,0,0,0
National,2025,33,856,41,10,3,1,4,0,0,0,0.047897196,0.011682243,0.003504673,0.001168224,0.004672897,0,0,0
National,2025,34,839,71,13,3,1,3,0,0,0,0.084624553,0.015494636,0.003575685,0.001191895,0.003575685,0,0,0
National,2025,35,866,57,22,5,1,2,0,0,0,0.065819861,0.025404157,0.005773672,0.001154734,0.002309469,0,0,0
National,2025,36,990,48,28,2,2,1,0,0,0,0.048484848,0.028282828,0.002020202,0.002020202,0.001010101,0,0,0
National,2025,37,940,52,29,4,1,2,0,0,0,0.055319149,0.030851064,0.004255319,0.00106383,0.00212766,0,0,0
National,2025,38,847,45,29,7,2,1,0,0,0,0.053128689,0.034238489,0.008264463,0.002361275,0.001180638,0,0,0
National,2025,39,910,43,28,8,6,3,0,0,0,0.047252747,0.030769231,0.008791209,0.006593407,0.003296703,0,0,0
National,2025,40,985,62,43,5,5,4,0,0,0,0.062944162,0.043654822,0.005076142,0.005076142,0.004060914,0,0,0
National,2025,41,952,52,65,6,5,1,0,0,0,0.054621849,0.068277311,0.006302521,0.005252101,0.00105042,0,0,0
National,2025,42,1050,68,108,10,6,2,0,0,0,0.064761905,0.102857143,0.00952381,0.005714286,0.001904762,0,0,0
National,2025,43,1182,114,139,11,3,7,0,0,0,0.096446701,0.117597293,0.009306261,0.002538071,0.005922166,0,0,0
National,2025,44,1262,77,187,9,10,3,0,0,0,0.061014263,0.148177496,0.007131537,0.00792393,0.002377179,0,0,0
National,2025,45,1547,138,431,16,14,6,0,0,0,0.089204913,0.278603749,0.010342599,0.009049774,0.003878474,0,0,0
National,2025,46,1750,175,670,21,24,11,0,0,2,0.1,0.382857143,0.012,0.013714286,0.006285714,0,0,0.001142857
National,2025,47,2373,207,1049,53,61,13,0,0,0,0.087231353,0.442056469,0.022334598,0.025705858,0.005478298,0,0,0
National,2025,48,2483,208,1312,139,33,18,0,0,0,0.083769634,0.528393073,0.055980669,0.013290375,0.007249295,0,0,0
National,2025,49,3480,205,1737,240,51,24,0,0,0,0.058908046,0.499137931,0.068965517,0.014655172,0.006896552,0,0,0
National,2025,50,4771,250,2514,741,43,25,0,0,0,0.052399916,0.526933557,0.155313351,0.009012786,0.005239992,0,0,0
National,2025,51,6987,302,3718,1593,78,33,0,0,0,0.043223129,0.532131101,0.227994848,0.01116359,0.004723057,0,0,0
National,2025,52,7716,328,4266,1842,93,53,0,0,0,0.042509072,0.552877138,0.238724728,0.012052877,0.006868844,0,0,0
National,2025,53,7635,377,4055,1756,106,50,0,0,0,0.049377865,0.531106745,0.229993451,0.013883432,0.006548788,0,0,0
National,2026,1,6602,315,3235,1194,119,51,0,0,0,0.047712814,0.490003029,0.180854287,0.018024841,0.007724932,0,0,0
National,2026,2,4932,290,2388,624,113,81,0,0,0,0.058799676,0.484184915,0.126520681,0.022911598,0.016423358,0,0,0
National,2026,3,4441,318,2335,329,146,88,0,0,0,0.071605494,0.525782481,0.074082414,0.032875478,0.019815357,0,0,0
National,2026,4,3837,270,1883,233,199,155,0,0,0,0.070367475,0.49074798,0.060724524,0.051863435,0.040396143,0,0,0
National,2026,5,4290,323,1934,211,294,172,0,0,0,0.075291375,0.450815851,0.049184149,0.068531469,0.04009324,0,0,0
National,2026,6,3888,285,1475,201,341,243,0,0,0,0.073302469,0.379372428,0.051697531,0.087705761,0.0625,0,0,0
National,2026,7,3521,265,1170,165,512,303,0,0,0,0.075262709,0.332291963,0.046861687,0.145413235,0.086055098,0,0,0
National,2026,8,2943,227,872,105,399,303,0,0,0,0.077132178,0.296296296,0.03567788,0.135575943,0.102956167,0,0,0
National,2026,9,2868,207,746,73,495,311,0,0,0,0.072175732,0.260111576,0.025453278,0.172594142,0.108437936,0,0,0
National,2026,10,2029,134,394,38,354,259,0,0,0,0.066042385,0.194184327,0.018728438,0.174470182,0.127649088,0,0,0
National,2026,11,1368,86,226,41,264,165,0,0,0,0.062865497,0.165204678,0.02997076,0.192982456,0.120614035,0,0,0
National,2026,12,802,59,112,23,137,89,0,0,0,0.073566085,0.139650873,0.028678304,0.170822943,0.110972569,0,0,0
