flu_year,country,population_or_age_group,subtype,VE_outcome,VE_estimate_pct,VE_low_pct,VE_high_pct,setting_or_network,citation,url
2004-05,United States,All ages,All influenza,Outpatient medically attended influenza illness,10,-36,40,WI,CDC. (2026). Past seasons' vaccine effectiveness estimates. Centers for Disease Control and Prevention.,https://www.cdc.gov/flu-vaccines-work/php/effectiveness-studies/past-seasons-estimates.html
2005-06,United States,All ages,All influenza,Outpatient medically attended influenza illness,21,-52,59,WI,CDC. (2026). Past seasons' vaccine effectiveness estimates. Centers for Disease Control and Prevention.,https://www.cdc.gov/flu-vaccines-work/php/effectiveness-studies/past-seasons-estimates.html
2006-07,United States,All ages,All influenza,Outpatient medically attended influenza illness,52,22,70,WI,CDC. (2026). Past seasons' vaccine effectiveness estimates. Centers for Disease Control and Prevention.,https://www.cdc.gov/flu-vaccines-work/php/effectiveness-studies/past-seasons-estimates.html
2007-08,United States,All ages,All influenza,Outpatient medically attended influenza illness,37,22,49,WI,CDC. (2026). Past seasons' vaccine effectiveness estimates. Centers for Disease Control and Prevention.,https://www.cdc.gov/flu-vaccines-work/php/effectiveness-studies/past-seasons-estimates.html
2008-09,United States,All ages,All influenza,Outpatient medically attended influenza illness,41,30,50,"WI, MI, NY, TN",CDC. (2026). Past seasons' vaccine effectiveness estimates. Centers for Disease Control and Prevention.,https://www.cdc.gov/flu-vaccines-work/php/effectiveness-studies/past-seasons-estimates.html
2009-10,United States,All ages,All influenza,Outpatient medically attended influenza illness,56,23,75,"WI, MI, NY, TN",CDC. (2026). Past seasons' vaccine effectiveness estimates. Centers for Disease Control and Prevention.,https://www.cdc.gov/flu-vaccines-work/php/effectiveness-studies/past-seasons-estimates.html
2010-11,United States,All ages,All influenza,Outpatient medically attended influenza illness,60,53,66,"WI, MI, NY, TN",CDC. (2026). Past seasons' vaccine effectiveness estimates. Centers for Disease Control and Prevention.,https://www.cdc.gov/flu-vaccines-work/php/effectiveness-studies/past-seasons-estimates.html
2011-12,United States,All ages,All influenza,Outpatient medically attended influenza illness,47,36,56,"WI, MI, PA, TX, WA",CDC. (2026). Past seasons' vaccine effectiveness estimates. Centers for Disease Control and Prevention.,https://www.cdc.gov/flu-vaccines-work/php/effectiveness-studies/past-seasons-estimates.html
2012-13,United States,All ages,All influenza,Outpatient medically attended influenza illness,49,43,55,"WI, MI, PA, TX, WA",CDC. (2026). Past seasons' vaccine effectiveness estimates. Centers for Disease Control and Prevention.,https://www.cdc.gov/flu-vaccines-work/php/effectiveness-studies/past-seasons-estimates.html
2013-14,United States,All ages,All influenza,Outpatient medically attended influenza illness,52,44,59,"WI, MI, PA, TX, WA",CDC. (2026). Past seasons' vaccine effectiveness estimates. Centers for Disease Control and Prevention.,https://www.cdc.gov/flu-vaccines-work/php/effectiveness-studies/past-seasons-estimates.html
2014-15,United States,All ages,All influenza,Outpatient medically attended influenza illness,19,10,27,"WI, MI, PA, TX, WA",CDC. (2026). Past seasons' vaccine effectiveness estimates. Centers for Disease Control and Prevention.,https://www.cdc.gov/flu-vaccines-work/php/effectiveness-studies/past-seasons-estimates.html
2015-16,United States,All ages,All influenza,Outpatient medically attended influenza illness,48,41,55,"WI, MI, PA, TX, WA",CDC. (2026). Past seasons' vaccine effectiveness estimates. Centers for Disease Control and Prevention.,https://www.cdc.gov/flu-vaccines-work/php/effectiveness-studies/past-seasons-estimates.html
2016-17,United States,All ages,All influenza,Outpatient medically attended influenza illness,40,32,46,"WI, MI, PA, TX, WA",CDC. (2026). Past seasons' vaccine effectiveness estimates. Centers for Disease Control and Prevention.,https://www.cdc.gov/flu-vaccines-work/php/effectiveness-studies/past-seasons-estimates.html
2017-18,United States,All ages,All influenza,Outpatient medically attended influenza illness,38,31,43,"WI, MI, PA, TX, WA",CDC. (2026). Past seasons' vaccine effectiveness estimates. Centers for Disease Control and Prevention.,https://www.cdc.gov/flu-vaccines-work/php/effectiveness-studies/past-seasons-estimates.html
2018-19,United States,All ages,All influenza,Outpatient medically attended influenza illness,29,21,35,"WI, MI, PA, TX, WA",CDC. (2026). Past seasons' vaccine effectiveness estimates. Centers for Disease Control and Prevention.,https://www.cdc.gov/flu-vaccines-work/php/effectiveness-studies/past-seasons-estimates.html
2019-20,United States,All ages,All influenza,Outpatient medically attended influenza illness,39,32,44,"WI, MI, PA, TX, WA",CDC. (2026). Past seasons' vaccine effectiveness estimates. Centers for Disease Control and Prevention.,https://www.cdc.gov/flu-vaccines-work/php/effectiveness-studies/past-seasons-estimates.html
2020-21,United States,All ages,All influenza,Outpatient medically attended influenza illness,,,,n/a,CDC. (2026). Past seasons' vaccine effectiveness estimates. Centers for Disease Control and Prevention.,https://www.cdc.gov/flu-vaccines-work/php/effectiveness-studies/past-seasons-estimates.html
2021-22,United States,All ages,All influenza,Outpatient medically attended influenza illness,36,21,48,"CA, MI, PA, TN, TX, WA, WI",CDC. (2026). Past seasons' vaccine effectiveness estimates. Centers for Disease Control and Prevention.,https://www.cdc.gov/flu-vaccines-work/php/effectiveness-studies/past-seasons-estimates.html
2022-23,United States,All ages,All influenza,Outpatient medically attended influenza illness,30,-9,54,"MI, PA, TX, WA, AZ, MO, OH",CDC. (2026). Past seasons' vaccine effectiveness estimates. Centers for Disease Control and Prevention.,https://www.cdc.gov/flu-vaccines-work/php/effectiveness-studies/past-seasons-estimates.html
2023-24,United States,All ages,All influenza,Outpatient medically attended influenza illness,44,36,51,"AZ, MI, MO, PA, OH, TX, WA",CDC. (2026). Past seasons' vaccine effectiveness estimates. Centers for Disease Control and Prevention.,https://www.cdc.gov/flu-vaccines-work/php/effectiveness-studies/past-seasons-estimates.html
2024-25,United States,All ages,All influenza,Outpatient medically attended influenza illness,56,54,58,"MN, WI, UT, CA, OR, WA, IN, CO",CDC. (2026). Past seasons' vaccine effectiveness estimates. Centers for Disease Control and Prevention.,https://www.cdc.gov/flu-vaccines-work/php/effectiveness-studies/past-seasons-estimates.html
2025-26,United States,All ages,All influenza,Outpatient medically attended influenza illness,36,33,39,"MN, WI, UT, CA, OR, WA, IN, CO",CDC. (2026). Past seasons' vaccine effectiveness estimates. Centers for Disease Control and Prevention.,https://www.cdc.gov/flu-vaccines-work/php/effectiveness-studies/past-seasons-estimates.html
2024-25,United States,Children/adolescents <18,All influenza,Outpatient medically attended influenza illness,59,47,68,NVSN outpatient,"Frutos, A. M., Cleary, S., Reeves, E. L., et al. (2025). Interim estimates of 2024-2025 seasonal influenza vaccine effectiveness - Four vaccine effectiveness networks, United States, October 2024-February 2025. MMWR, 74, 83-90.",https://www.cdc.gov/flu-vaccines-work/php/effectiveness-studies/2024-2025.html
2024-25,United States,Children/adolescents <18,All influenza,Outpatient medically attended influenza illness,32,1,54,US Flu VE outpatient,"Frutos, A. M., Cleary, S., Reeves, E. L., et al. (2025). Interim estimates of 2024-2025 seasonal influenza vaccine effectiveness - Four vaccine effectiveness networks, United States, October 2024-February 2025. MMWR, 74, 83-90.",https://www.cdc.gov/flu-vaccines-work/php/effectiveness-studies/2024-2025.html
2024-25,United States,Children/adolescents <18,All influenza,Influenza-associated hospitalization,63,41,76,NVSN inpatient,"Frutos, A. M., Cleary, S., Reeves, E. L., et al. (2025). Interim estimates of 2024-2025 seasonal influenza vaccine effectiveness - Four vaccine effectiveness networks, United States, October 2024-February 2025. MMWR, 74, 83-90.",https://www.cdc.gov/flu-vaccines-work/php/effectiveness-studies/2024-2025.html
2024-25,United States,Children/adolescents <18,All influenza,Influenza-associated hospitalization,78,60,89,VISION inpatient,"Frutos, A. M., Cleary, S., Reeves, E. L., et al. (2025). Interim estimates of 2024-2025 seasonal influenza vaccine effectiveness - Four vaccine effectiveness networks, United States, October 2024-February 2025. MMWR, 74, 83-90.",https://www.cdc.gov/flu-vaccines-work/php/effectiveness-studies/2024-2025.html
2024-25,United States,Children/adolescents <18,A(H1N1)pdm09,Outpatient medically attended influenza illness,72,59,81,NVSN outpatient,"Frutos, A. M., Cleary, S., Reeves, E. L., et al. (2025). Interim estimates of 2024-2025 seasonal influenza vaccine effectiveness - Four vaccine effectiveness networks, United States, October 2024-February 2025. MMWR, 74, 83-90.",https://www.cdc.gov/flu-vaccines-work/php/effectiveness-studies/2024-2025.html
2024-25,United States,Children/adolescents <18,A(H1N1)pdm09,Outpatient medically attended influenza illness,53,3,79,US Flu VE outpatient,"Frutos, A. M., Cleary, S., Reeves, E. L., et al. (2025). Interim estimates of 2024-2025 seasonal influenza vaccine effectiveness - Four vaccine effectiveness networks, United States, October 2024-February 2025. MMWR, 74, 83-90.",https://www.cdc.gov/flu-vaccines-work/php/effectiveness-studies/2024-2025.html
2024-25,United States,Children/adolescents <18,A(H1N1)pdm09,Influenza-associated hospitalization,63,30,81,NVSN inpatient,"Frutos, A. M., Cleary, S., Reeves, E. L., et al. (2025). Interim estimates of 2024-2025 seasonal influenza vaccine effectiveness - Four vaccine effectiveness networks, United States, October 2024-February 2025. MMWR, 74, 83-90.",https://www.cdc.gov/flu-vaccines-work/php/effectiveness-studies/2024-2025.html
2024-25,United States,Children/adolescents <18,A(H3N2),Outpatient medically attended influenza illness,42,19,58,NVSN outpatient,"Frutos, A. M., Cleary, S., Reeves, E. L., et al. (2025). Interim estimates of 2024-2025 seasonal influenza vaccine effectiveness - Four vaccine effectiveness networks, United States, October 2024-February 2025. MMWR, 74, 83-90.",https://www.cdc.gov/flu-vaccines-work/php/effectiveness-studies/2024-2025.html
2024-25,United States,Children/adolescents <18,A(H3N2),Outpatient medically attended influenza illness,16,-34,49,US Flu VE outpatient,"Frutos, A. M., Cleary, S., Reeves, E. L., et al. (2025). Interim estimates of 2024-2025 seasonal influenza vaccine effectiveness - Four vaccine effectiveness networks, United States, October 2024-February 2025. MMWR, 74, 83-90.",https://www.cdc.gov/flu-vaccines-work/php/effectiveness-studies/2024-2025.html
2024-25,United States,Children/adolescents <18,A(H3N2),Influenza-associated hospitalization,55,14,77,NVSN inpatient,"Frutos, A. M., Cleary, S., Reeves, E. L., et al. (2025). Interim estimates of 2024-2025 seasonal influenza vaccine effectiveness - Four vaccine effectiveness networks, United States, October 2024-February 2025. MMWR, 74, 83-90.",https://www.cdc.gov/flu-vaccines-work/php/effectiveness-studies/2024-2025.html
2024-25,United States,Adults >=18,All influenza,Outpatient medically attended influenza illness,36,16,51,US Flu VE outpatient,"Frutos, A. M., Cleary, S., Reeves, E. L., et al. (2025). Interim estimates of 2024-2025 seasonal influenza vaccine effectiveness - Four vaccine effectiveness networks, United States, October 2024-February 2025. MMWR, 74, 83-90.",https://www.cdc.gov/flu-vaccines-work/php/effectiveness-studies/2024-2025.html
2024-25,United States,Adults >=18,All influenza,Influenza-associated hospitalization,41,28,52,IVY inpatient,"Frutos, A. M., Cleary, S., Reeves, E. L., et al. (2025). Interim estimates of 2024-2025 seasonal influenza vaccine effectiveness - Four vaccine effectiveness networks, United States, October 2024-February 2025. MMWR, 74, 83-90.",https://www.cdc.gov/flu-vaccines-work/php/effectiveness-studies/2024-2025.html
2024-25,United States,Adults >=18,All influenza,Influenza-associated hospitalization,55,51,59,VISION inpatient,"Frutos, A. M., Cleary, S., Reeves, E. L., et al. (2025). Interim estimates of 2024-2025 seasonal influenza vaccine effectiveness - Four vaccine effectiveness networks, United States, October 2024-February 2025. MMWR, 74, 83-90.",https://www.cdc.gov/flu-vaccines-work/php/effectiveness-studies/2024-2025.html
2024-25,United States,Adults >=18,A(H1N1)pdm09,Outpatient medically attended influenza illness,42,8,64,US Flu VE outpatient,"Frutos, A. M., Cleary, S., Reeves, E. L., et al. (2025). Interim estimates of 2024-2025 seasonal influenza vaccine effectiveness - Four vaccine effectiveness networks, United States, October 2024-February 2025. MMWR, 74, 83-90.",https://www.cdc.gov/flu-vaccines-work/php/effectiveness-studies/2024-2025.html
2024-25,United States,Adults >=18,A(H1N1)pdm09,Influenza-associated hospitalization,39,-14,67,IVY inpatient,"Frutos, A. M., Cleary, S., Reeves, E. L., et al. (2025). Interim estimates of 2024-2025 seasonal influenza vaccine effectiveness - Four vaccine effectiveness networks, United States, October 2024-February 2025. MMWR, 74, 83-90.",https://www.cdc.gov/flu-vaccines-work/php/effectiveness-studies/2024-2025.html
2024-25,United States,Adults >=18,A(H3N2),Outpatient medically attended influenza illness,25,-6,48,US Flu VE outpatient,"Frutos, A. M., Cleary, S., Reeves, E. L., et al. (2025). Interim estimates of 2024-2025 seasonal influenza vaccine effectiveness - Four vaccine effectiveness networks, United States, October 2024-February 2025. MMWR, 74, 83-90.",https://www.cdc.gov/flu-vaccines-work/php/effectiveness-studies/2024-2025.html
2024-25,United States,Adults >=18,A(H3N2),Influenza-associated hospitalization,51,22,69,IVY inpatient,"Frutos, A. M., Cleary, S., Reeves, E. L., et al. (2025). Interim estimates of 2024-2025 seasonal influenza vaccine effectiveness - Four vaccine effectiveness networks, United States, October 2024-February 2025. MMWR, 74, 83-90.",https://www.cdc.gov/flu-vaccines-work/php/effectiveness-studies/2024-2025.html
2023-24,United States,Children 6 mo-17 yr,All influenza,Outpatient medically attended influenza illness,65,52,74,US Flu VE outpatient,CDC. (2025). Flu vaccine effectiveness data for 2023-2024. Centers for Disease Control and Prevention.,https://www.cdc.gov/flu-vaccines-work/php/effectiveness-studies/2023-2024.html
2023-24,United States,Children 6 mo-17 yr,All influenza,Influenza-associated hospitalization,64,52,72,NVSN inpatient,CDC. (2025). Flu vaccine effectiveness data for 2023-2024. Centers for Disease Control and Prevention.,https://www.cdc.gov/flu-vaccines-work/php/effectiveness-studies/2023-2024.html
2023-24,United States,Children 6 mo-17 yr,A(H1N1)pdm09,Outpatient medically attended influenza illness,63,43,78,US Flu VE outpatient,CDC. (2025). Flu vaccine effectiveness data for 2023-2024. Centers for Disease Control and Prevention.,https://www.cdc.gov/flu-vaccines-work/php/effectiveness-studies/2023-2024.html
2023-24,United States,Children 6 mo-17 yr,A(H3N2),Outpatient medically attended influenza illness,-5,-90,43,US Flu VE outpatient,CDC. (2025). Flu vaccine effectiveness data for 2023-2024. Centers for Disease Control and Prevention.,https://www.cdc.gov/flu-vaccines-work/php/effectiveness-studies/2023-2024.html
2023-24,United States,Children 6 mo-17 yr,Influenza B,Outpatient medically attended influenza illness,79,67,88,US Flu VE outpatient,CDC. (2025). Flu vaccine effectiveness data for 2023-2024. Centers for Disease Control and Prevention.,https://www.cdc.gov/flu-vaccines-work/php/effectiveness-studies/2023-2024.html
2023-24,United States,Children 6 mo-17 yr,Influenza B,Influenza-associated hospitalization,78,65,86,NVSN inpatient,CDC. (2025). Flu vaccine effectiveness data for 2023-2024. Centers for Disease Control and Prevention.,https://www.cdc.gov/flu-vaccines-work/php/effectiveness-studies/2023-2024.html
2023-24,United States,Adults >=18,All influenza,Outpatient medically attended influenza illness,35,24,45,US Flu VE outpatient,CDC. (2025). Flu vaccine effectiveness data for 2023-2024. Centers for Disease Control and Prevention.,https://www.cdc.gov/flu-vaccines-work/php/effectiveness-studies/2023-2024.html
2023-24,United States,Adults >=18,All influenza,Influenza-associated hospitalization,40,32,54,IVY inpatient,CDC. (2025). Flu vaccine effectiveness data for 2023-2024. Centers for Disease Control and Prevention.,https://www.cdc.gov/flu-vaccines-work/php/effectiveness-studies/2023-2024.html
2023-24,United States,Adults >=18,A(H1N1)pdm09,Outpatient medically attended influenza illness,22,5,37,US Flu VE outpatient,CDC. (2025). Flu vaccine effectiveness data for 2023-2024. Centers for Disease Control and Prevention.,https://www.cdc.gov/flu-vaccines-work/php/effectiveness-studies/2023-2024.html
2023-24,United States,Adults >=18,A(H1N1)pdm09,Influenza-associated hospitalization,36,21,48,IVY inpatient,CDC. (2025). Flu vaccine effectiveness data for 2023-2024. Centers for Disease Control and Prevention.,https://www.cdc.gov/flu-vaccines-work/php/effectiveness-studies/2023-2024.html
2023-24,United States,Adults >=18,A(H3N2),Outpatient medically attended influenza illness,30,5,49,US Flu VE outpatient,CDC. (2025). Flu vaccine effectiveness data for 2023-2024. Centers for Disease Control and Prevention.,https://www.cdc.gov/flu-vaccines-work/php/effectiveness-studies/2023-2024.html
2023-24,United States,Adults >=18,A(H3N2),Influenza-associated hospitalization,19,-8,39,IVY inpatient,CDC. (2025). Flu vaccine effectiveness data for 2023-2024. Centers for Disease Control and Prevention.,https://www.cdc.gov/flu-vaccines-work/php/effectiveness-studies/2023-2024.html
2023-24,United States,Adults >=18,Influenza B,Outpatient medically attended influenza illness,70,58,80,US Flu VE outpatient,CDC. (2025). Flu vaccine effectiveness data for 2023-2024. Centers for Disease Control and Prevention.,https://www.cdc.gov/flu-vaccines-work/php/effectiveness-studies/2023-2024.html
2023-24,United States,Adults >=18,Influenza B,Outpatient medically attended influenza illness,75,72,77,VISION outpatient,CDC. (2025). Flu vaccine effectiveness data for 2023-2024. Centers for Disease Control and Prevention.,https://www.cdc.gov/flu-vaccines-work/php/effectiveness-studies/2023-2024.html
2023-24,United States,Adults >=18,Influenza B,Influenza-associated hospitalization,67,54,76,VISION inpatient,CDC. (2025). Flu vaccine effectiveness data for 2023-2024. Centers for Disease Control and Prevention.,https://www.cdc.gov/flu-vaccines-work/php/effectiveness-studies/2023-2024.html
2022-23,United States,Children 6 mo-17 yr,Influenza A,any_setting,49,36,60,NVSN outpatient & inpatient,CDC. (2024). Flu vaccine effectiveness data for 2022-2023. Centers for Disease Control and Prevention.,https://www.cdc.gov/flu-vaccines-work/php/effectiveness-studies/2022-2023.html
2022-23,United States,Children 6 mo-17 yr,Influenza A,Outpatient medically attended influenza illness,42,25,56,NVSN outpatient,CDC. (2024). Flu vaccine effectiveness data for 2022-2023. Centers for Disease Control and Prevention.,https://www.cdc.gov/flu-vaccines-work/php/effectiveness-studies/2022-2023.html
2022-23,United States,Children 6 mo-17 yr,Influenza A,Influenza-associated hospitalization,68,46,81,NVSN inpatient,CDC. (2024). Flu vaccine effectiveness data for 2022-2023. Centers for Disease Control and Prevention.,https://www.cdc.gov/flu-vaccines-work/php/effectiveness-studies/2022-2023.html
2022-23,United States,Children 6 mo-17 yr,A(H1N1)pdm09,any_setting,56,28,72,NVSN outpatient & inpatient,CDC. (2024). Flu vaccine effectiveness data for 2022-2023. Centers for Disease Control and Prevention.,https://www.cdc.gov/flu-vaccines-work/php/effectiveness-studies/2022-2023.html
2022-23,United States,Children 6 mo-17 yr,A(H3N2),any_setting,45,29,58,NVSN outpatient & inpatient,CDC. (2024). Flu vaccine effectiveness data for 2022-2023. Centers for Disease Control and Prevention.,https://www.cdc.gov/flu-vaccines-work/php/effectiveness-studies/2022-2023.html
2022-23,United States,Adults >=18,Influenza A,Outpatient medically attended influenza illness,44,40,47,VISION outpatient,CDC. (2024). Flu vaccine effectiveness data for 2022-2023. Centers for Disease Control and Prevention.,https://www.cdc.gov/flu-vaccines-work/php/effectiveness-studies/2022-2023.html
2022-23,United States,Adults >=18,Influenza A,Influenza-associated hospitalization,37,27,46,IVY inpatient,CDC. (2024). Flu vaccine effectiveness data for 2022-2023. Centers for Disease Control and Prevention.,https://www.cdc.gov/flu-vaccines-work/php/effectiveness-studies/2022-2023.html
2022-23,United States,Adults >=18,A(H1N1)pdm09,Influenza-associated hospitalization,47,23,64,IVY inpatient,CDC. (2024). Flu vaccine effectiveness data for 2022-2023. Centers for Disease Control and Prevention.,https://www.cdc.gov/flu-vaccines-work/php/effectiveness-studies/2022-2023.html
2022-23,United States,Adults >=18,A(H3N2),Influenza-associated hospitalization,29,6,46,IVY inpatient,CDC. (2024). Flu vaccine effectiveness data for 2022-2023. Centers for Disease Control and Prevention.,https://www.cdc.gov/flu-vaccines-work/php/effectiveness-studies/2022-2023.html
2021-22,United States,All ages,Influenza A,Outpatient medically attended influenza illness,36,21,48,U.S. Flu VE Network,CDC. (2024). U.S. flu vaccine effectiveness data for 2021-2022. Centers for Disease Control and Prevention.,https://www.cdc.gov/flu-vaccines-work/php/effectiveness-studies/2021-2022.html
2021-22,United States,All ages,A(H3N2),Outpatient medically attended influenza illness,36,20,49,U.S. Flu VE Network,CDC. (2024). U.S. flu vaccine effectiveness data for 2021-2022. Centers for Disease Control and Prevention.,https://www.cdc.gov/flu-vaccines-work/php/effectiveness-studies/2021-2022.html
2021-22,United States,6 mo-8 yr,A(H3N2),Outpatient medically attended influenza illness,51,19,70,U.S. Flu VE Network,CDC. (2024). U.S. flu vaccine effectiveness data for 2021-2022. Centers for Disease Control and Prevention.,https://www.cdc.gov/flu-vaccines-work/php/effectiveness-studies/2021-2022.html
2021-22,United States,9-17 yr,A(H3N2),Outpatient medically attended influenza illness,34,-7,59,U.S. Flu VE Network,CDC. (2024). U.S. flu vaccine effectiveness data for 2021-2022. Centers for Disease Control and Prevention.,https://www.cdc.gov/flu-vaccines-work/php/effectiveness-studies/2021-2022.html
2021-22,United States,18-49 yr,A(H3N2),Outpatient medically attended influenza illness,32,3,52,U.S. Flu VE Network,CDC. (2024). U.S. flu vaccine effectiveness data for 2021-2022. Centers for Disease Control and Prevention.,https://www.cdc.gov/flu-vaccines-work/php/effectiveness-studies/2021-2022.html
2021-22,United States,>=50 yr,A(H3N2),Outpatient medically attended influenza illness,10,-60,49,U.S. Flu VE Network,CDC. (2024). U.S. flu vaccine effectiveness data for 2021-2022. Centers for Disease Control and Prevention.,https://www.cdc.gov/flu-vaccines-work/php/effectiveness-studies/2021-2022.html